	e100	e101	e102	e103	e104	e105	e106	e107	e108	e109	e110	e111	e112	e64	e65	e66	e67	e68	e69	e70	e71	e72	e73	e74	e75	e76	e77	e78	e79	e80	e81	e82	e83	e84	e85	e86	e87	e88	e89	e90	e91	e92	e93	e94	e95	e96	e97	e98	e99
e100	0.0	0.14953411110900003	0.119432207948	0.241079281367	0.31893201455775	0.31205558548125	0.47460086131199997	0.25583016250174995	0.423634082597	0.44613758084800004	0.284915132325	0.39646110878374996	0.38160621731375	0.39889704088125005	0.494723854906	0.32842263541899996	0.3651228822525	0.32565282549874996	0.3529779788145	0.3171877637415	0.36144705281174994	0.387790842396	0.26043594789400004	0.349423499026	0.3086473334295	0.30192531577375	0.300526384457	0.32590807011275	0.3463316471905	0.32506953515174997	0.357802161384	0.2981083928635	0.334740096631	0.42740061390899997	0.36810455007174997	0.3140200448985	0.31201228831225003	0.4241485066265	0.3346324730795	0.3185101590465	0.394497425815	0.42608322930775	0.299889680364	0.33002324059150007	0.3634656958995	0.312100371034	0.312017766003	0.17540194209175	0.1453878935345
e101	0.14953411110900003	0.0	0.111941966554	0.267798134741	0.30953858954375	0.30173246165025	0.464324707008	0.28228889772225	0.4118433549875	0.433099264701	0.27919069804599994	0.37203003122375	0.37828378854925	0.37143820900225	0.4949644958175	0.256245303107	0.2917229494675	0.25802058825275	0.2865096230255	0.284373426439	0.32617977853625	0.368409884272	0.21011854347950001	0.29259341747150003	0.25452556068199994	0.23484850561524998	0.2416917512335	0.26343698220024997	0.299791186421	0.31384788128525	0.314579667986	0.24587421516749997	0.299923244147	0.4010275077635	0.29665368140325	0.2831172642715	0.27391163629475	0.41184475205899995	0.2734850065	0.270752656357	0.326149326379	0.39744276534625	0.25657475284299996	0.28817150414399995	0.33097883522149996	0.255411923269	0.25745089064	0.14338449121625	0.17195678355950003
e102	0.119432207948	0.111941966554	0.0	0.246643311558	0.31339830351825004	0.30233051732775	0.44840557570850004	0.27715466196625	0.39569693741949996	0.42083079180899996	0.2839122200525	0.36353921772725	0.36149682591075	0.37364462457225006	0.47594002418950004	0.27635221817850003	0.309535219176	0.29071625989975	0.307158077919	0.280104705982	0.30670238392825006	0.358494450663	0.23180275455350002	0.3016241843465	0.2638892509625	0.26348260837675	0.2724899595595	0.28070455381225	0.29961248682799996	0.30071058031775	0.319394382757	0.27779130229300003	0.30942471141699995	0.3817103597005	0.31947491467175	0.289281169176	0.29861011017825	0.414761917243	0.306737208898	0.29805934995500005	0.342788635573	0.37915712673125	0.28493542932650007	0.31579442826649995	0.3256504641295	0.2863058880945	0.281049306031	0.12213933775375	0.12368308002850001
e103	0.241079281367	0.267798134741	0.246643311558	0.0	0.40172024482124996	0.38132604556275	0.5228458364265	0.29318031103024994	0.46662946102400005	0.503995403507	0.346290694781	0.46009352625524996	0.44171787353675	0.40946150518775004	0.47715583476	0.36148569664049995	0.39803215774949996	0.38251958691474996	0.39458632426150003	0.337526574699	0.36884457752225003	0.3927070051205	0.28976926693899996	0.380513873856	0.337731097456	0.33283919669374995	0.36155401620850003	0.35393393124875	0.3962006756015	0.36962417657675	0.408144423966	0.373548376975	0.39758767167799997	0.44440786940200006	0.41001244762775	0.3756403306065	0.36803239464275	0.4324982101510001	0.3991667964845	0.37784542940950006	0.427927971622	0.43631350869675	0.352131990632	0.39836428853350003	0.38145430566700006	0.378504362537	0.36143651152449996	0.26830645212575	0.24907186645649998
e104	0.31893201455775	0.30953858954375	0.31339830351825004	0.40172024482124996	0.0	0.0942542390655	0.28932394782775	0.2553140771425	0.26724880370274995	0.23609991487025	0.15173261123175	0.1609046622335	0.20142389176449998	0.4259491112125	0.5212832821737501	0.33612123282975	0.35784206777325	0.311100510263	0.35716769317124997	0.35376227713275	0.38045539569049996	0.40388006650624997	0.33563175838974996	0.35952521251525005	0.33185787416975	0.3283017335485	0.29765848297474995	0.333362750967	0.31373940813225	0.342623083083	0.34550814483125003	0.28162914579575	0.32532959878425	0.43893564293925	0.3565101875944999	0.31462949888124997	0.3257957221185	0.45550664392825	0.31966852956575	0.31274245685175	0.38550902345325	0.437132199974	0.33835196588175	0.32252843324975006	0.36565771532624997	0.31243858269825	0.33340626626875	0.292442858225	0.36708886354775006
e105	0.31205558548125	0.30173246165025	0.30233051732775	0.38132604556275	0.0942542390655	0.0	0.27490469441725	0.2338420945705	0.23324309971575	0.23028390859075	0.11956295094474999	0.1706944613435	0.2023767556685	0.4336766966915	0.51242704329725	0.33631101590475	0.36647773260825006	0.3263850683085	0.36888918993774994	0.34419793639775004	0.359019859029	0.39742021553875	0.32202964897875	0.36048956529225	0.33313162137525	0.3179505456605	0.30421436234275	0.33214370012750005	0.32760650845475	0.34599955020250006	0.35774256651724995	0.30015870624924995	0.33663791421125	0.43220089077425	0.3721536257075	0.32978706980275	0.33955290848549996	0.46075096130475	0.33527496114224997	0.32599239090175	0.39843220933975	0.42957208360849997	0.33912406544875007	0.33693120844875	0.36051446984975	0.32875238306474996	0.33481382930675	0.28382988557	0.34121500610675
e106	0.47460086131199997	0.464324707008	0.44840557570850004	0.5228458364265	0.28932394782775	0.27490469441725	0.0	0.42308529687924995	0.152726845183	0.144885178404	0.31782502044149996	0.20320817843125	0.18054716852425	0.44723653900175	0.4856672338125	0.44056945609950005	0.449329078654	0.42956759487975	0.43080520473899997	0.45003986774699994	0.42337023889925	0.437863251669	0.4674431603645	0.4460336322155	0.446017410002	0.45711163660425	0.441953646857	0.43027889363474997	0.401364530734	0.41675493856225	0.4711269085855	0.43097149726	0.4290399073115	0.4302727113889999	0.44240070914875	0.44776457343199993	0.46698844075824997	0.44126359462700004	0.46995046409299995	0.4529682392855	0.449640176675	0.43448115755125	0.486592110074	0.45771383088799994	0.435233180104	0.446266154759	0.45015937653300003	0.43074639254025	0.46865594671649996
e107	0.25583016250174995	0.28228889772225	0.27715466196625	0.29318031103024994	0.2553140771425	0.2338420945705	0.42308529687924995	0.0	0.35671425740175006	0.38190634259925	0.17530484927925	0.34058547183849996	0.326828934728	0.49147583943949996	0.55732838369325	0.40056335208575	0.43980914833025	0.403573918767	0.43918148970074994	0.39414022611024996	0.41980531610200006	0.45262780062124996	0.34249074952674996	0.42066444380525003	0.38638604389724995	0.3751522933785	0.37363659803574995	0.38993036837649997	0.40870127772975	0.412378387832	0.42333996024475	0.36379426509974994	0.41129860836225	0.48952239006474996	0.44556008584249995	0.37898111657875	0.3764449832085	0.51982296201725	0.38924067922575	0.37852634484225	0.46867362331975004	0.4754535936734999	0.35255228402325	0.39492192373875	0.41677928607724996	0.39619580111725	0.39860464409725005	0.29896220326649997	0.26862297640675
e108	0.423634082597	0.4118433549875	0.39569693741949996	0.46662946102400005	0.26724880370274995	0.23324309971575	0.152726845183	0.35671425740175006	0.0	0.11460747969500001	0.2696678728015	0.19872971182975	0.15858522998425	0.45087538101425007	0.48741222543350005	0.409007887269	0.43568029207750003	0.42397855827275	0.43670861988349996	0.4064354341075	0.39583317066925006	0.439961266321	0.418410197805	0.41482196852950004	0.413757803012	0.41879357126125005	0.41628958980600006	0.39704172205625	0.406998308008	0.4089832299867501	0.4663461093245	0.418065968411	0.43037912821300006	0.44438043936250005	0.44962490255675	0.4422128106405	0.45868791105325	0.4559326469045001	0.456527904455	0.44358985116750005	0.4493384775035	0.4450526345372501	0.4684261518035	0.4510329292380001	0.435557760319	0.439927431021	0.42063054772900005	0.39268937093774997	0.41676486366550003
e109	0.44613758084800004	0.433099264701	0.42083079180899996	0.503995403507	0.23609991487025	0.23028390859075	0.144885178404	0.38190634259925	0.11460747969500001	0.0	0.263036632501	0.13637061371524997	0.12528695710025	0.43346280312575003	0.4899370694505	0.42304379511199997	0.4220281984035	0.40231070607474995	0.40729349312749996	0.43050924251	0.40090666486875004	0.41890617378600004	0.450401145824	0.42389725302400005	0.42667401804250005	0.43282025543124997	0.4162376546165	0.40832578459924995	0.3770843974485	0.39180008426775	0.44694825972849994	0.40383625846	0.40315411013150004	0.431308664461	0.41643899679525004	0.4229846725725	0.4403400383782499	0.445082386932	0.43852833727100005	0.42673314390249995	0.4280677091215	0.42385315857125005	0.4635792413185	0.4336843725185	0.4108936808985	0.4186516434035	0.42465188844199997	0.40349222586575	0.44344808842
e110	0.284915132325	0.27919069804599994	0.2839122200525	0.346290694781	0.15173261123175	0.11956295094474999	0.31782502044149996	0.17530484927925	0.2696678728015	0.263036632501	0.0	0.20073069094574997	0.21577556193125003	0.44156463305825006	0.517468334401	0.34530429232450005	0.381388974031	0.34050315267375003	0.3788656605495	0.351635916489	0.36628727859024995	0.402979078878	0.31708579699300005	0.37110125359300006	0.34145975825099995	0.32824194501775	0.31639108026599994	0.34062044288775	0.3425268685835	0.35425678295325	0.373661759843	0.30410056618750003	0.34580153521699997	0.4398231651385	0.38631889276525	0.3204464887695	0.31713747643624995	0.466047302985	0.3269912499245	0.31519662931549997	0.4105312237395	0.43619889058625	0.3108182465975	0.32762923605550004	0.36719774338199995	0.33602479962750004	0.34177532239600006	0.26452731218325	0.31580713205500005
e111	0.39646110878374996	0.37203003122375	0.36353921772725	0.46009352625524996	0.1609046622335	0.1706944613435	0.20320817843125	0.34058547183849996	0.19872971182975	0.13637061371524997	0.20073069094574997	0.0	0.12321108088499999	0.4048474682059999	0.48960672322125004	0.36942505001424997	0.36082064255275004	0.33531554174949996	0.3483178575702501	0.37791725779075	0.371290876816	0.38369617324724997	0.39521221235325	0.36929547015175	0.36700566384725	0.379175824954	0.35299558285325006	0.35213951834	0.30983276216825	0.338590745364	0.38558161637625	0.33707116807925	0.33622569557274995	0.41410277458925	0.351772038895	0.35943228686275003	0.3837213115125	0.42697763137175	0.37187713385275	0.36388240492625	0.37390747482975	0.4117372535045	0.40439160386375	0.37196709442725	0.37000521995225	0.35247063533175	0.36443610379775	0.3463020497905	0.40928503883274997
e112	0.38160621731375	0.37828378854925	0.36149682591075	0.44171787353675	0.20142389176449998	0.2023767556685	0.18054716852425	0.326828934728	0.15858522998425	0.12528695710025	0.21577556193125003	0.12321108088499999	0.0	0.4252873253295	0.48301927058175	0.38812866103125	0.38462462729375	0.359892741376	0.37566545375675003	0.38689786565275	0.375126249167	0.38981323251375	0.39819934078525004	0.38700651404724995	0.37542546076475	0.3867422205195	0.36653253930575	0.3681780059545	0.34166059228074996	0.3432356216845	0.40395488084424996	0.35450709727874996	0.36373908527575	0.42443214666025	0.383205031737	0.37988374816475	0.3997836907665	0.44229475948975	0.39661254401225	0.38526460700575	0.40350981515974993	0.41554843538950004	0.41453447493125	0.39119596885725	0.37141379605375	0.37546732150674994	0.37524529732774997	0.3477414078785	0.39629828477775003
e64	0.39889704088125005	0.37143820900225	0.37364462457225006	0.40946150518775004	0.4259491112125	0.4336766966915	0.44723653900175	0.49147583943949996	0.45087538101425007	0.43346280312575003	0.44156463305825006	0.4048474682059999	0.4252873253295	0.0	0.18044229684274998	0.29022678163125	0.26939178923425	0.27764647479599996	0.22328972885925	0.13906269380625	0.14705421469799998	0.09241072792024999	0.23091722098175	0.17203831194975	0.20810311553225	0.26903782377249996	0.27993179168675003	0.18917592044300002	0.23412535152275	0.137434741625	0.36265352895675	0.30317624540575006	0.23487928581275	0.11296062483324999	0.2823630012435	0.24221755821475	0.2926855286344999	0.10571032630024998	0.34289383805925	0.30035365249225	0.25089178724425	0.1386558641895	0.29295667294175	0.32846046808275	0.24941862147625	0.27963801679524997	0.22377722507725	0.32454047553	0.40678359130475006
e65	0.494723854906	0.4949644958175	0.47594002418950004	0.47715583476	0.5212832821737501	0.51242704329725	0.4856672338125	0.55732838369325	0.48741222543350005	0.4899370694505	0.517468334401	0.48960672322125004	0.48301927058175	0.18044229684274998	0.0	0.43506763064699994	0.41827574560999997	0.41483397319024995	0.36237659592250004	0.2670872560175	0.22440006500625	0.17425892885300004	0.37341410917400003	0.319653128407	0.35227327065200004	0.41221235717774996	0.4242982124175	0.33301012370475	0.3571862578785	0.23223645529275	0.48121206484699997	0.43972385294499994	0.3487631602155	0.1380078781945	0.40199689319974996	0.36435775858700004	0.4075726279142499	0.135666967383	0.4765050672045	0.42874439477699994	0.3955970644105	0.17572669458725002	0.437739697029	0.46266267419900003	0.289649574177	0.42230168051899997	0.362513786073	0.43321902661875	0.48738608789000004
e66	0.32842263541899996	0.256245303107	0.27635221817850003	0.36148569664049995	0.33612123282975	0.33631101590475	0.44056945609950005	0.40056335208575	0.409007887269	0.42304379511199997	0.34530429232450005	0.36942505001424997	0.38812866103125	0.29022678163125	0.43506763064699994	0.0	0.12314157279849999	0.17730097945974999	0.1900541100145	0.22220450599849997	0.24581138706725	0.31087987030700004	0.1888188552995	0.16073101242499999	0.1390924124255	0.11333592566925	0.1182748674435	0.15137426713575	0.19962946816149996	0.27737514924475	0.24917510258999997	0.16476323361150003	0.243836685352	0.32343881646700007	0.18440883352625	0.24170495649499998	0.23482021352325	0.346785324241	0.207856510691	0.207573425326	0.18085831561500001	0.32722212244575005	0.21487578108849995	0.211139236957	0.27768583700800004	0.188147335852	0.17520307679750002	0.22469950375475	0.332865066216
e67	0.3651228822525	0.2917229494675	0.309535219176	0.39803215774949996	0.35784206777325	0.36647773260825006	0.449329078654	0.43980914833025	0.43568029207750003	0.4220281984035	0.381388974031	0.36082064255275004	0.38462462729375	0.26939178923425	0.41827574560999997	0.12314157279849999	0.0	0.12100736354575	0.14554027642099998	0.22913332332199995	0.23242810588925	0.282129967312	0.21484281552349999	0.1681295952405	0.1767594651705	0.14991617880875	0.13130790754300004	0.15848804898225002	0.164239910785	0.24411297271375001	0.203508269089	0.15819694724	0.196354020976	0.3042526088815	0.13898624317724997	0.2183207592375	0.22200625363675	0.32820433246249997	0.17029124748	0.193663244368	0.12421112379850001	0.2977494388852501	0.183172623289	0.1788113111295	0.23201648482649997	0.1588559210725	0.15867299995149997	0.26114783060775	0.36910524754650004
e68	0.32565282549874996	0.25802058825275	0.29071625989975	0.38251958691474996	0.311100510263	0.3263850683085	0.42956759487975	0.403573918767	0.42397855827275	0.40231070607474995	0.34050315267375003	0.33531554174949996	0.359892741376	0.27764647479599996	0.41483397319024995	0.17730097945974999	0.12100736354575	0.0	0.11756324944525	0.23601374201425	0.235903910785	0.27057990287725	0.21711376275324998	0.18923825899225	0.19198091257074998	0.175495201182	0.12345169702674999	0.176151001938	0.14453959314475	0.21917622659400002	0.19560474295575	0.10678690637275001	0.13507563393475	0.31202109247625	0.10373839694699999	0.16064085308425	0.16421206440150002	0.32381977535425	0.13065493137775	0.11911273805525	0.17192334293374997	0.287406408994	0.15073550000975	0.13853670159075002	0.20777318012225	0.10438026605275	0.14982588175325	0.2470603065985	0.35735136819725
e69	0.3529779788145	0.2865096230255	0.307158077919	0.39458632426150003	0.35716769317124997	0.36888918993774994	0.43080520473899997	0.43918148970074994	0.43670861988349996	0.40729349312749996	0.3788656605495	0.3483178575702501	0.37566545375675003	0.22328972885925	0.36237659592250004	0.1900541100145	0.14554027642099998	0.11756324944525	0.0	0.1965033296945	0.19445844798875	0.2085239550725	0.1956126559395	0.1650937904195	0.1707680595735	0.16922352134975	0.15732649683049998	0.14491443566124998	0.1504197710265	0.17619480123775003	0.266129442905	0.1515322910465	0.14079084250399998	0.262040264904	0.13158204410075	0.15317245411549998	0.15960673374825002	0.259924432133	0.18322097607450002	0.143737464457	0.16730024887699999	0.23229579849475002	0.159161006089	0.160896821902	0.19512695723299997	0.1148309271045	0.1134975817515	0.25869829727775	0.36903265174399996
e70	0.3171877637415	0.284373426439	0.280104705982	0.337526574699	0.35376227713275	0.34419793639775004	0.45003986774699994	0.39414022611024996	0.4064354341075	0.43050924251	0.351635916489	0.37791725779075	0.38689786565275	0.13906269380625	0.2670872560175	0.22220450599849997	0.22913332332199995	0.23601374201425	0.1965033296945	0.0	0.10338368363424999	0.1192179570705	0.121898973001	0.111805098753	0.11684394778650001	0.17663805142575	0.19462097413950002	0.12150360784874999	0.188601456646	0.11204347656824999	0.301569343253	0.232595350883	0.19449317001750002	0.16626116395399998	0.25822897164675	0.17858024517850002	0.24451157267425	0.1946369688465	0.3029785422455	0.2455275152525	0.247960082578	0.16614570929525002	0.22627468647299998	0.2786116997175	0.1983001858235	0.23080654150800003	0.1563184901055	0.23876791028025002	0.328966852959
e71	0.36144705281174994	0.32617977853625	0.30670238392825006	0.36884457752225003	0.38045539569049996	0.359019859029	0.42337023889925	0.41980531610200006	0.39583317066925006	0.40090666486875004	0.36628727859024995	0.371290876816	0.375126249167	0.14705421469799998	0.22440006500625	0.24581138706725	0.23242810588925	0.235903910785	0.19445844798875	0.10338368363424999	0.0	0.11503840959125	0.19446580938675	0.12879702694124998	0.16199333725475001	0.21800194899449998	0.22526833311674999	0.14797831613649998	0.18752945269474997	0.112552242515	0.31109170239875	0.25386549573025	0.17928775754575	0.14852539747025	0.233650865054	0.19417304994175003	0.24469499074499998	0.17862059337275	0.30308256282824997	0.25323257721725	0.24227169386775002	0.12316635306200001	0.26035531148975	0.29258092363575	0.16069751440274999	0.24242058842574996	0.18137058406025	0.258628643335	0.33885915088675
e72	0.387790842396	0.368409884272	0.358494450663	0.3927070051205	0.40388006650624997	0.39742021553875	0.437863251669	0.45262780062124996	0.439961266321	0.41890617378600004	0.402979078878	0.38369617324724997	0.38981323251375	0.09241072792024999	0.17425892885300004	0.31087987030700004	0.282129967312	0.27057990287725	0.2085239550725	0.1192179570705	0.11503840959125	0.0	0.22411555859599996	0.1806916423635	0.2038881984805	0.26598329467474996	0.275886698869	0.19137650711625	0.217110657766	0.11020682272974998	0.34362710349650005	0.29626676681249997	0.21179791576999998	0.10347157274700002	0.27125172921325	0.22146631802	0.27785491019025	0.11930867628749998	0.337501280342	0.2890369119705	0.2762476048905	0.10402118530025001	0.2879805186995	0.3183548299505	0.200423080004	0.271489809828	0.22020825784349998	0.31102016342775	0.3840247591955
e73	0.26043594789400004	0.21011854347950001	0.23180275455350002	0.28976926693899996	0.33563175838974996	0.32202964897875	0.4674431603645	0.34249074952674996	0.418410197805	0.450401145824	0.31708579699300005	0.39521221235325	0.39819934078525004	0.23091722098175	0.37341410917400003	0.1888188552995	0.21484281552349999	0.21711376275324998	0.1956126559395	0.121898973001	0.19446580938675	0.22411555859599996	0.0	0.138657616062	0.09270857154349998	0.12883461792625	0.16580508338049998	0.12342199999775	0.1981862056595	0.20672635544975	0.293462163524	0.2042153136795	0.20321702734049998	0.26912720869699996	0.25228793980225	0.1830985823715	0.22161686096324995	0.2842934542495	0.27551591135	0.2258119823575	0.2439741594705	0.26567645147875	0.179426373587	0.255743813627	0.22951062422400004	0.20418048225799998	0.155317900763	0.20422063244774996	0.28494792735150004
e74	0.349423499026	0.29259341747150003	0.3016241843465	0.380513873856	0.35952521251525005	0.36048956529225	0.4460336322155	0.42066444380525003	0.41482196852950004	0.42389725302400005	0.37110125359300006	0.36929547015175	0.38700651404724995	0.17203831194975	0.319653128407	0.16073101242499999	0.1681295952405	0.18923825899225	0.1650937904195	0.111805098753	0.12879702694124998	0.1806916423635	0.138657616062	0.0	0.07073981243699999	0.13284578763875	0.138377890903	0.08310331052175	0.1346521387095	0.16278641457874998	0.2566520277145	0.193204361602	0.166756975161	0.2092741625745	0.18828074758325	0.17225420614800002	0.22468189776775002	0.2313559057985	0.257843199328	0.21586982645349997	0.19770621771799995	0.19905891988225	0.21535102389000002	0.24639960483200002	0.1928800884675	0.19926316086999998	0.1465818512575	0.24694528027374998	0.356286392923
e75	0.3086473334295	0.25452556068199994	0.2638892509625	0.337731097456	0.33185787416975	0.33313162137525	0.446017410002	0.38638604389724995	0.413757803012	0.42667401804250005	0.34145975825099995	0.36700566384725	0.37542546076475	0.20810311553225	0.35227327065200004	0.1390924124255	0.1767594651705	0.19198091257074998	0.1707680595735	0.11684394778650001	0.16199333725475001	0.2038881984805	0.09270857154349998	0.07073981243699999	0.0	0.10737976555374998	0.12909431354099998	0.08693847336124999	0.141659909222	0.18301852904825	0.25960918796800003	0.18227193378049997	0.177018948722	0.24703877542150005	0.20151750152425	0.169131723137	0.21901028676524997	0.26556854357000004	0.25534389566300003	0.21371022928449998	0.21093035398499999	0.23966293293475002	0.2027275320785	0.24218170686049997	0.20060622801750003	0.19250569587449998	0.1443594681765	0.20986578619075003	0.32154053007149996
e76	0.30192531577375	0.23484850561524998	0.26348260837675	0.33283919669374995	0.3283017335485	0.3179505456605	0.45711163660425	0.3751522933785	0.41879357126125005	0.43282025543124997	0.32824194501775	0.379175824954	0.3867422205195	0.26903782377249996	0.41221235717774996	0.11333592566925	0.14991617880875	0.175495201182	0.16922352134975	0.17663805142575	0.21800194899449998	0.26598329467474996	0.12883461792625	0.13284578763875	0.10737976555374998	0.0	0.09990017891575	0.12047149092849999	0.17374360498924998	0.23991235709550002	0.25840352611775	0.15627733262975002	0.21455084930274998	0.30345055633324997	0.193149657635	0.20738839784525	0.207716924823	0.31993463157525	0.22229010188425	0.20372397838225	0.19924336317775002	0.29171831009050003	0.17994646949375	0.21508378824774999	0.23193567111125	0.18109459754975002	0.14894694592425	0.20391876447900004	0.32245816150624995
e77	0.300526384457	0.2416917512335	0.2724899595595	0.36155401620850003	0.29765848297474995	0.30421436234275	0.441953646857	0.37363659803574995	0.41628958980600006	0.4162376546165	0.31639108026599994	0.35299558285325006	0.36653253930575	0.27993179168675003	0.4242982124175	0.1182748674435	0.13130790754300004	0.12345169702674999	0.15732649683049998	0.19462097413950002	0.22526833311674999	0.275886698869	0.16580508338049998	0.138377890903	0.12909431354099998	0.09990017891575	0.0	0.13325828099275	0.1394620126145	0.22788692667425	0.21554384275400001	0.1070441284645	0.17060037577450002	0.31302640758	0.15345267903275	0.17050548046899996	0.16312271633325	0.33239811374100003	0.17935773546150002	0.1454069192825	0.1955017775245	0.29668546040275	0.1574678600465	0.176236034362	0.213512853449	0.136371809463	0.14374066179400002	0.22092823364725	0.34022784067000006
e78	0.32590807011275	0.26343698220024997	0.28070455381225	0.35393393124875	0.333362750967	0.33214370012750005	0.43027889363474997	0.38993036837649997	0.39704172205625	0.40832578459924995	0.34062044288775	0.35213951834	0.3681780059545	0.18917592044300002	0.33301012370475	0.15137426713575	0.15848804898225002	0.176151001938	0.14491443566124998	0.12150360784874999	0.14797831613649998	0.19137650711625	0.12342199999775	0.08310331052175	0.08693847336124999	0.12047149092849999	0.13325828099275	0.0	0.15443478913725	0.17186110170700003	0.28577028873575006	0.17508164305175	0.16452894086175	0.23218054155275	0.19427346333700002	0.16763962886775002	0.20353798359099998	0.24099299695424997	0.24305595558775	0.19984003035825	0.19357612088025	0.22562165183900001	0.19538514943625	0.22515885559524998	0.19736719216575002	0.18289302186525	0.11837409873425	0.21920104816949998	0.33587320608325
e79	0.3463316471905	0.299791186421	0.29961248682799996	0.3962006756015	0.31373940813225	0.32760650845475	0.401364530734	0.40870127772975	0.406998308008	0.3770843974485	0.3425268685835	0.30983276216825	0.34166059228074996	0.23412535152275	0.3571862578785	0.19962946816149996	0.164239910785	0.14453959314475	0.1504197710265	0.188601456646	0.18752945269474997	0.217110657766	0.1981862056595	0.1346521387095	0.141659909222	0.17374360498924998	0.1394620126145	0.15443478913725	0.0	0.17753958048325	0.20595381888500003	0.1531347109345	0.10660263556300001	0.24593980899100001	0.14026001053025	0.1384361923015	0.19969105507775	0.2726543365885	0.214714289623	0.18600171430849996	0.18788485483499998	0.22127655049675	0.217232457705	0.2203015405305	0.150918844947	0.16369465156950003	0.16496118007750002	0.25526485197225	0.36348971038949995
e80	0.32506953515174997	0.31384788128525	0.30071058031775	0.36962417657675	0.342623083083	0.34599955020250006	0.41675493856225	0.412378387832	0.4089832299867501	0.39180008426775	0.35425678295325	0.338590745364	0.3432356216845	0.137434741625	0.23223645529275	0.27737514924475	0.24411297271375001	0.21917622659400002	0.17619480123775003	0.11204347656824999	0.112552242515	0.11020682272974998	0.20672635544975	0.16278641457874998	0.18301852904825	0.23991235709550002	0.22788692667425	0.17186110170700003	0.17753958048325	0.0	0.30023569268075	0.22867644857375	0.16476237930925003	0.15135785427225001	0.2285101497495	0.16531094267625002	0.22562725492950003	0.16017835669075	0.28752455672625	0.23677393794774998	0.25347644803325003	0.144698407377	0.23968617263874997	0.26505435834875	0.18319896205675	0.21543450801325	0.16988717328225	0.2668533923815	0.34425102208525005
e81	0.357802161384	0.314579667986	0.319394382757	0.408144423966	0.34550814483125003	0.35774256651724995	0.4711269085855	0.42333996024475	0.4663461093245	0.44694825972849994	0.373661759843	0.38558161637625	0.40395488084424996	0.36265352895675	0.48121206484699997	0.24917510258999997	0.203508269089	0.19560474295575	0.266129442905	0.301569343253	0.31109170239875	0.34362710349650005	0.293462163524	0.2566520277145	0.25960918796800003	0.25840352611775	0.21554384275400001	0.28577028873575006	0.20595381888500003	0.30023569268075	0.0	0.21672553504349998	0.2245318795235	0.36173651918	0.20540094475325	0.24096078615299998	0.27320961881975	0.40673276023899996	0.22330628923400003	0.2429745666635	0.24432133869800002	0.33753718333525007	0.264482784479	0.24953499226950002	0.236519798129	0.2228169337605	0.2789055308395	0.29827168860225	0.3827897067515001
e82	0.2981083928635	0.24587421516749997	0.27779130229300003	0.373548376975	0.28162914579575	0.30015870624924995	0.43097149726	0.36379426509974994	0.418065968411	0.40383625846	0.30410056618750003	0.33707116807925	0.35450709727874996	0.30317624540575006	0.43972385294499994	0.16476323361150003	0.15819694724	0.10678690637275001	0.1515322910465	0.232595350883	0.25386549573025	0.29626676681249997	0.2042153136795	0.193204361602	0.18227193378049997	0.15627733262975002	0.1070441284645	0.17508164305175	0.1531347109345	0.22867644857375	0.21672553504349998	0.0	0.13981561121699998	0.3257160949985	0.12767125960525	0.14376329846299998	0.14287531977574996	0.34420637056750003	0.12901419979950002	0.112293128736	0.20967082222550001	0.29995077246225005	0.13929528829750001	0.1286826861725	0.218165125982	0.09317676484250001	0.14742219456550001	0.23425649394175002	0.3464274526605
e83	0.334740096631	0.299923244147	0.30942471141699995	0.39758767167799997	0.32532959878425	0.33663791421125	0.4290399073115	0.41129860836225	0.43037912821300006	0.40315411013150004	0.34580153521699997	0.33622569557274995	0.36373908527575	0.23487928581275	0.3487631602155	0.243836685352	0.196354020976	0.13507563393475	0.14079084250399998	0.19449317001750002	0.17928775754575	0.21179791576999998	0.20321702734049998	0.166756975161	0.177018948722	0.21455084930274998	0.17060037577450002	0.16452894086175	0.10660263556300001	0.16476237930925003	0.2245318795235	0.13981561121699998	0.0	0.24328010975099998	0.13576547139425	0.0918012954315	0.15403256185175002	0.2586246323405	0.185618707113	0.15241285103399999	0.211490330628	0.20477207635275002	0.18515626234000002	0.17963467642049996	0.1360615805715	0.13346520734400003	0.1439615978245	0.26885763916575	0.3748518720330001
e84	0.42740061390899997	0.4010275077635	0.3817103597005	0.44440786940200006	0.43893564293925	0.43220089077425	0.4302727113889999	0.48952239006474996	0.44438043936250005	0.431308664461	0.4398231651385	0.41410277458925	0.42443214666025	0.11296062483324999	0.1380078781945	0.32343881646700007	0.3042526088815	0.31202109247625	0.262040264904	0.16626116395399998	0.14852539747025	0.10347157274700002	0.26912720869699996	0.2092741625745	0.24703877542150005	0.30345055633324997	0.31302640758	0.23218054155275	0.24593980899100001	0.15135785427225001	0.36173651918	0.3257160949985	0.24328010975099998	0.0	0.29879558900474995	0.252819218525	0.31592136709575	0.10315377243950001	0.36993083078350003	0.32742917687750006	0.2926533106195	0.10019730433774998	0.3361358488005	0.3592152587625	0.23001739546449998	0.3056783099955	0.255784143649	0.33735851662875	0.40511462552099997
e85	0.36810455007174997	0.29665368140325	0.31947491467175	0.41001244762775	0.3565101875944999	0.3721536257075	0.44240070914875	0.44556008584249995	0.44962490255675	0.41643899679525004	0.38631889276525	0.351772038895	0.383205031737	0.2823630012435	0.40199689319974996	0.18440883352625	0.13898624317724997	0.10373839694699999	0.13158204410075	0.25822897164675	0.233650865054	0.27125172921325	0.25228793980225	0.18828074758325	0.20151750152425	0.193149657635	0.15345267903275	0.19427346333700002	0.14026001053025	0.2285101497495	0.20540094475325	0.12767125960525	0.13576547139425	0.29879558900474995	0.0	0.18199006196274997	0.171534916567	0.31094446089475	0.15239887201425	0.15796407173375002	0.17880061037675002	0.25503580587450003	0.18447734392825	0.16442206188575	0.19188974967625	0.13370551144125	0.16889432039775	0.274255878886	0.38547804145225006
e86	0.3140200448985	0.2831172642715	0.289281169176	0.3756403306065	0.31462949888124997	0.32978706980275	0.44776457343199993	0.37898111657875	0.4422128106405	0.4229846725725	0.3204464887695	0.35943228686275003	0.37988374816475	0.24221755821475	0.36435775858700004	0.24170495649499998	0.2183207592375	0.16064085308425	0.15317245411549998	0.17858024517850002	0.19417304994175003	0.22146631802	0.1830985823715	0.17225420614800002	0.169131723137	0.20738839784525	0.17050548046899996	0.16763962886775002	0.1384361923015	0.16531094267625002	0.24096078615299998	0.14376329846299998	0.0918012954315	0.252819218525	0.18199006196274997	0.0	0.12710003673274997	0.2769600234745	0.1749498547915	0.128138948408	0.2360594459585	0.22418770901625	0.14953590886450002	0.15883777431749999	0.167483969383	0.12957732243	0.14380840987200003	0.25115945802625	0.3577503534395
e87	0.31201228831225003	0.27391163629475	0.29861011017825	0.36803239464275	0.3257957221185	0.33955290848549996	0.46698844075824997	0.3764449832085	0.45868791105325	0.4403400383782499	0.31713747643624995	0.3837213115125	0.3997836907665	0.2926855286344999	0.4075726279142499	0.23482021352325	0.22200625363675	0.16421206440150002	0.15960673374825002	0.24451157267425	0.24469499074499998	0.27785491019025	0.22161686096324995	0.22468189776775002	0.21901028676524997	0.207716924823	0.16312271633325	0.20353798359099998	0.19969105507775	0.22562725492950003	0.27320961881975	0.14287531977574996	0.15403256185175002	0.31592136709575	0.171534916567	0.12710003673274997	0.0	0.31398152987324995	0.15133311997524998	0.09212851102974999	0.25221860599525	0.27530645811	0.12556006284575	0.13728740840025	0.21235829961275	0.13426089392624999	0.15344680829475002	0.25592743733400003	0.36374322452275004
e88	0.4241485066265	0.41184475205899995	0.414761917243	0.4324982101510001	0.45550664392825	0.46075096130475	0.44126359462700004	0.51982296201725	0.4559326469045001	0.445082386932	0.466047302985	0.42697763137175	0.44229475948975	0.10571032630024998	0.135666967383	0.346785324241	0.32820433246249997	0.32381977535425	0.259924432133	0.1946369688465	0.17862059337275	0.11930867628749998	0.2842934542495	0.2313559057985	0.26556854357000004	0.31993463157525	0.33239811374100003	0.24099299695424997	0.2726543365885	0.16017835669075	0.40673276023899996	0.34420637056750003	0.2586246323405	0.10315377243950001	0.31094446089475	0.2769600234745	0.31398152987324995	0.0	0.3794611188885	0.3384315076765	0.297832072095	0.13763988738375	0.33823181230099997	0.3557912989555	0.27512221606700005	0.32761058894600004	0.2672516047865	0.36575728212575	0.44217957744499997
e89	0.3346324730795	0.2734850065	0.306737208898	0.3991667964845	0.31966852956575	0.33527496114224997	0.46995046409299995	0.38924067922575	0.456527904455	0.43852833727100005	0.3269912499245	0.37187713385275	0.39661254401225	0.34289383805925	0.4765050672045	0.207856510691	0.17029124748	0.13065493137775	0.18322097607450002	0.3029785422455	0.30308256282824997	0.337501280342	0.27551591135	0.257843199328	0.25534389566300003	0.22229010188425	0.17935773546150002	0.24305595558775	0.214714289623	0.28752455672625	0.22330628923400003	0.12901419979950002	0.185618707113	0.36993083078350003	0.15239887201425	0.1749498547915	0.15133311997524998	0.3794611188885	0.0	0.133211438397	0.21033133800450002	0.33780396886225	0.16899705258499997	0.106171997937	0.2583340087295	0.138562587217	0.1811157725005	0.27981254723675003	0.3774201922445001
e90	0.3185101590465	0.270752656357	0.29805934995500005	0.37784542940950006	0.31274245685175	0.32599239090175	0.4529682392855	0.37852634484225	0.44358985116750005	0.42673314390249995	0.31519662931549997	0.36388240492625	0.38526460700575	0.30035365249225	0.42874439477699994	0.207573425326	0.193663244368	0.11911273805525	0.143737464457	0.2455275152525	0.25323257721725	0.2890369119705	0.2258119823575	0.21586982645349997	0.21371022928449998	0.20372397838225	0.1454069192825	0.19984003035825	0.18600171430849996	0.23677393794774998	0.2429745666635	0.112293128736	0.15241285103399999	0.32742917687750006	0.15796407173375002	0.128138948408	0.09212851102974999	0.3384315076765	0.133211438397	0.0	0.23359480707950003	0.30036117094775	0.122795013196	0.10768786345499999	0.2226178215795	0.10072759587300001	0.15828093581650002	0.25509929105675	0.3665493457835
e91	0.394497425815	0.326149326379	0.342788635573	0.427927971622	0.38550902345325	0.39843220933975	0.449640176675	0.46867362331975004	0.4493384775035	0.4280677091215	0.4105312237395	0.37390747482975	0.40350981515974993	0.25089178724425	0.3955970644105	0.18085831561500001	0.12421112379850001	0.17192334293374997	0.16730024887699999	0.247960082578	0.24227169386775002	0.2762476048905	0.2439741594705	0.19770621771799995	0.21093035398499999	0.19924336317775002	0.1955017775245	0.19357612088025	0.18788485483499998	0.25347644803325003	0.24432133869800002	0.20967082222550001	0.211490330628	0.2926533106195	0.17880061037675002	0.2360594459585	0.25221860599525	0.297832072095	0.21033133800450002	0.23359480707950003	0.0	0.28894721975175	0.21774825968550002	0.20306302953449998	0.260680494793	0.20651656501549998	0.18256755534900002	0.28873832971575003	0.3967348031715
e92	0.42608322930775	0.39744276534625	0.37915712673125	0.43631350869675	0.437132199974	0.42957208360849997	0.43448115755125	0.4754535936734999	0.4450526345372501	0.42385315857125005	0.43619889058625	0.4117372535045	0.41554843538950004	0.1386558641895	0.17572669458725002	0.32722212244575005	0.2977494388852501	0.287406408994	0.23229579849475002	0.16614570929525002	0.12316635306200001	0.10402118530025001	0.26567645147875	0.19905891988225	0.23966293293475002	0.29171831009050003	0.29668546040275	0.22562165183900001	0.22127655049675	0.144698407377	0.33753718333525007	0.29995077246225005	0.20477207635275002	0.10019730433774998	0.25503580587450003	0.22418770901625	0.27530645811	0.13763988738375	0.33780396886225	0.30036117094775	0.28894721975175	0.0	0.31542125535175	0.33110070886675	0.18450016520725002	0.28491351530525	0.24283544221324996	0.33855029514150004	0.40645812973674994
e93	0.299889680364	0.25657475284299996	0.28493542932650007	0.352131990632	0.33835196588175	0.33912406544875007	0.486592110074	0.35255228402325	0.4684261518035	0.4635792413185	0.3108182465975	0.40439160386375	0.41453447493125	0.29295667294175	0.437739697029	0.21487578108849995	0.183172623289	0.15073550000975	0.159161006089	0.22627468647299998	0.26035531148975	0.2879805186995	0.179426373587	0.21535102389000002	0.2027275320785	0.17994646949375	0.1574678600465	0.19538514943625	0.217232457705	0.23968617263874997	0.264482784479	0.13929528829750001	0.18515626234000002	0.3361358488005	0.18447734392825	0.14953590886450002	0.12556006284575	0.33823181230099997	0.16899705258499997	0.122795013196	0.21774825968550002	0.31542125535175	0.0	0.134978425037	0.2502849739725	0.1409370013605	0.14851842125499998	0.24249454923375002	0.3489468626225
e94	0.33002324059150007	0.28817150414399995	0.31579442826649995	0.39836428853350003	0.32252843324975006	0.33693120844875	0.45771383088799994	0.39492192373875	0.4510329292380001	0.4336843725185	0.32762923605550004	0.37196709442725	0.39119596885725	0.32846046808275	0.46266267419900003	0.211139236957	0.1788113111295	0.13853670159075002	0.160896821902	0.2786116997175	0.29258092363575	0.3183548299505	0.255743813627	0.24639960483200002	0.24218170686049997	0.21508378824774999	0.176236034362	0.22515885559524998	0.2203015405305	0.26505435834875	0.24953499226950002	0.1286826861725	0.17963467642049996	0.3592152587625	0.16442206188575	0.15883777431749999	0.13728740840025	0.3557912989555	0.106171997937	0.10768786345499999	0.20306302953449998	0.33110070886675	0.134978425037	0.0	0.2636650251335	0.13503379212550004	0.1608979635155	0.28118621016124995	0.3837789184445
e95	0.3634656958995	0.33097883522149996	0.3256504641295	0.38145430566700006	0.36565771532624997	0.36051446984975	0.435233180104	0.41677928607724996	0.435557760319	0.4108936808985	0.36719774338199995	0.37000521995225	0.37141379605375	0.24941862147625	0.289649574177	0.27768583700800004	0.23201648482649997	0.20777318012225	0.19512695723299997	0.1983001858235	0.16069751440274999	0.200423080004	0.22951062422400004	0.1928800884675	0.20060622801750003	0.23193567111125	0.213512853449	0.19736719216575002	0.150918844947	0.18319896205675	0.236519798129	0.218165125982	0.1360615805715	0.23001739546449998	0.19188974967625	0.167483969383	0.21235829961275	0.27512221606700005	0.2583340087295	0.2226178215795	0.260680494793	0.18450016520725002	0.2502849739725	0.2636650251335	0.0	0.196336163478	0.1898577073865	0.28310187726925	0.366951379272
e96	0.312100371034	0.255411923269	0.2863058880945	0.378504362537	0.31243858269825	0.32875238306474996	0.446266154759	0.39619580111725	0.439927431021	0.4186516434035	0.33602479962750004	0.35247063533175	0.37546732150674994	0.27963801679524997	0.42230168051899997	0.188147335852	0.1588559210725	0.10438026605275	0.1148309271045	0.23080654150800003	0.24242058842574996	0.271489809828	0.20418048225799998	0.19926316086999998	0.19250569587449998	0.18109459754975002	0.136371809463	0.18289302186525	0.16369465156950003	0.21543450801325	0.2228169337605	0.09317676484250001	0.13346520734400003	0.3056783099955	0.13370551144125	0.12957732243	0.13426089392624999	0.32761058894600004	0.138562587217	0.10072759587300001	0.20651656501549998	0.28491351530525	0.1409370013605	0.13503379212550004	0.196336163478	0.0	0.12747549054450003	0.24419098072675	0.35353085830200004
e97	0.312017766003	0.25745089064	0.281049306031	0.36143651152449996	0.33340626626875	0.33481382930675	0.45015937653300003	0.39860464409725005	0.42063054772900005	0.42465188844199997	0.34177532239600006	0.36443610379775	0.37524529732774997	0.22377722507725	0.362513786073	0.17520307679750002	0.15867299995149997	0.14982588175325	0.1134975817515	0.1563184901055	0.18137058406025	0.22020825784349998	0.155317900763	0.1465818512575	0.1443594681765	0.14894694592425	0.14374066179400002	0.11837409873425	0.16496118007750002	0.16988717328225	0.2789055308395	0.14742219456550001	0.1439615978245	0.255784143649	0.16889432039775	0.14380840987200003	0.15344680829475002	0.2672516047865	0.1811157725005	0.15828093581650002	0.18256755534900002	0.24283544221324996	0.14851842125499998	0.1608979635155	0.1898577073865	0.12747549054450003	0.0	0.24229649869175002	0.34133556198500004
e98	0.17540194209175	0.14338449121625	0.12213933775375	0.26830645212575	0.292442858225	0.28382988557	0.43074639254025	0.29896220326649997	0.39268937093774997	0.40349222586575	0.26452731218325	0.3463020497905	0.3477414078785	0.32454047553	0.43321902661875	0.22469950375475	0.26114783060775	0.2470603065985	0.25869829727775	0.23876791028025002	0.258628643335	0.31102016342775	0.20422063244774996	0.24694528027374998	0.20986578619075003	0.20391876447900004	0.22092823364725	0.21920104816949998	0.25526485197225	0.2668533923815	0.29827168860225	0.23425649394175002	0.26885763916575	0.33735851662875	0.274255878886	0.25115945802625	0.25592743733400003	0.36575728212575	0.27981254723675003	0.25509929105675	0.28873832971575003	0.33855029514150004	0.24249454923375002	0.28118621016124995	0.28310187726925	0.24419098072675	0.24229649869175002	0.0	0.17770587749025002
e99	0.1453878935345	0.17195678355950003	0.12368308002850001	0.24907186645649998	0.36708886354775006	0.34121500610675	0.46865594671649996	0.26862297640675	0.41676486366550003	0.44344808842	0.31580713205500005	0.40928503883274997	0.39629828477775003	0.40678359130475006	0.48738608789000004	0.332865066216	0.36910524754650004	0.35735136819725	0.36903265174399996	0.328966852959	0.33885915088675	0.3840247591955	0.28494792735150004	0.356286392923	0.32154053007149996	0.32245816150624995	0.34022784067000006	0.33587320608325	0.36348971038949995	0.34425102208525005	0.3827897067515001	0.3464274526605	0.3748518720330001	0.40511462552099997	0.38547804145225006	0.3577503534395	0.36374322452275004	0.44217957744499997	0.3774201922445001	0.3665493457835	0.3967348031715	0.40645812973674994	0.3489468626225	0.3837789184445	0.366951379272	0.35353085830200004	0.34133556198500004	0.17770587749025002	0.0
