	e64	e65	e66	e67	e68	e69	e70	e71	e72	e73	e74	e75	e76	e77	e78	e79	e80	e81	e82	e83	e84	e85	e86	e87	e88	e89	e90	e91	e92	e93	e94	e95	e96	e97
D_0__Bacteria;D_1__Proteobacteria;D_2__Gammaproteobacteria;D_3__Pseudomonadales;D_4__Pseudomonadaceae	58.0524221396389	71.958303493276	9.79422825030633	15.2626964321845	11.4035087719298	18.6542718016822	46.9431003425988	43.4125629604962	58.5958943828043	28.3552360951742	35.4562297359889	29.1276729864714	17.489607624455	16.8514412416851	31.6913732756846	25.2649728688067	46.6739404684783	7.79540206806546	10.0389922015597	23.1244047829001	62.6200120012001	9.15207231267012	24.8803224993701	14.9923678687273	61.7775611836194	2.3751178133836	11.0651226278015	20.1865343046994	54.1191936897458	15.9026697912788	7.25626490881576	22.2657687893814	12.8538381932185	22.644065013955
D_0__Bacteria;D_1__Bacteroidetes;D_2__Bacteroidia;D_3__Chitinophagales;D_4__Chitinophagaceae	5.00378202387608	1.08485186069335	5.51823213757553	6.98050853173265	9.88083416087388	8.36653386454183	8.75216331720411	6.57911168463556	8.55336915761395	10.6497217952326	7.48031496062992	7.94743732725598	8.71540099361249	10.3224066638701	7.42742433600988	8.71240935138699	7.69545501039926	11.0330288123682	11.9586082783443	10.6874537053367	2.25772577257726	8.17112629038057	13.9497774418409	15.1259301659989	3.01691972648219	12.5202639019793	14.3983091893796	6.70282603474502	6.20070113935145	17.3306467509144	14.2226896144869	9.57278652317953	12.1081146892311	9.02971597438844
D_0__Bacteria;D_1__Proteobacteria;D_2__Gammaproteobacteria;D_3__Steroidobacterales;D_4__Steroidobacteraceae	1.09020949123557	0.57558154956102	4.19149026070055	5.59789573076145	12.4627606752731	15.759185480301	2.15448733797196	4.3042084668859	2.0470097034832	3.14144060274091	4.08522464103752	2.51660767104689	4.88897901247085	6.58296877809073	2.67654931027383	8.96597190526903	7.4397354154591	7.72512799919687	12.5764847030594	13.5974039716412	4.30543054305431	14.2776436752093	12.3876711178298	16.3041404312154	3.39308286249486	14.9217719132893	19.0480383954912	4.69137779201025	10.2760736196319	13.9994305613351	18.7985738836022	9.41471970205487	12.0198453765143	12.6210802823838
D_0__Bacteria;D_1__Proteobacteria;D_2__Alphaproteobacteria;D_3__Rhizobiales;D_4__Xanthobacteraceae	2.19850692274805	0.832869154664333	6.00414078674948	7.68867606393741	8.49056603773585	9.06595838866755	3.01981421961643	3.25521375348624	2.76220667259443	2.93359890883111	4.52987494210283	3.23425301847452	3.2322822670587	5.97171450829987	4.91558575252213	6.45570262183681	4.13242865423301	4.60546129906636	7.03359328134373	6.86395541603471	2.85778577857786	8.54604283293103	7.18904845888973	7.06449150925396	1.59907405997289	7.89820923656927	9.63409801417815	5.31582739572492	2.49780893952673	8.17582513852691	11.6859465975838	2.85819457376091	9.88616302428928	9.81365949761944
D_0__Bacteria;D_1__Proteobacteria;D_2__Alphaproteobacteria;D_3__Rhizobiales;D_4__Rhizobiaceae	8.87953431775578	2.12726452879234	7.16609625216546	6.11721858771161	3.97219463753724	5.43603364320496	5.33323914809452	3.42796486700246	4.18293578690996	5.63337591201368	6.20194534506716	5.31445473500461	5.27628510595154	4.66231197938515	4.60932674490426	2.71058370099904	3.86648027549524	2.93143258708965	5.07198560287942	2.63482769567211	4.51920192019202	5.11529967644189	3.50214159737969	6.40622018698722	4.6753879658255	8.32422243166824	5.49073136365638	11.9385957889681	1.48992112182296	6.68652401498062	6.92538538487188	1.84266938050798	4.90655627929628	6.94056805122312
D_0__Bacteria;D_1__Proteobacteria;D_2__Gammaproteobacteria;D_3__Betaproteobacteriales;D_4__Burkholderiaceae	3.71296083138751	2.18827086814673	6.49427472852495	4.20853847710258	4.10460112545515	5.28552456839309	4.87761805531028	2.60375473504558	4.08242161827812	8.57130485613458	3.56646595646132	7.07947437327256	4.94575686910676	4.26080182177743	5.10345892526251	3.26081444292307	4.88935865525589	2.14335910049192	4.52909418116377	3.2661987231491	2.67776777677768	2.98392481125777	5.58914923994289	1.48349551612288	3.6930996146993	2.39019792648445	3.02496587556691	7.25322232007045	1.51183172655565	4.6146433342824	4.1244517403237	2.1458112292402	5.42095330857734	4.44918732556231
D_0__Bacteria;D_1__Actinobacteria;D_2__Actinobacteria;D_3__Micrococcales;D_4__Micrococcaceae	0.833689610944848	0.2175008620461	6.08864663877974	3.02151480407365	0.937879289418515	0.424966799468792	2.91385582594568	2.087582733214	1.43619283256659	2.81452293836195	6.12783696155628	6.23575619454008	6.63084254283687	7.88038592916642	3.03942763022442	7.99736294943963	0.49098162228511	12.7170966770405	4.48410317936413	4.25734541991464	2.95529552955296	6.53279235786554	2.97304106827916	0.224193856134326	0.126402997121667	0.471253534401508	0.510765708247105	2.26162837242815	3.65907099035933	0.462121378041569	0.495036807140842	5.09278305870125	1.2905582273087	1.76489903135774
D_0__Bacteria;D_1__Actinobacteria;D_2__Actinobacteria;D_3__Streptomycetales;D_4__Streptomycetaceae	0.828756536323873	0.230763109731837	3.07601301390121	6.65003035003709	6.44929934900143	2.37273129703409	1.21498958075796	1.21758314948175	0.835040785556887	1.26437030461798	1.8805002315887	1.39649905445377	2.08861401196391	2.15137532210703	2.136092238007	1.74451037070845	0.688738109038835	8.89468928822407	2.74745050989802	4.05982152305033	1.32763276327633	5.88567613373735	2.41874527588813	1.39286395726006	0.114219575712349	3.9057492931197	1.96820923781428	12.831238491714	2.12532865907099	6.08204297071771	5.94557160079001	1.50055215122448	1.4731843915505	1.43654572319816
D_0__Bacteria;D_1__Proteobacteria;D_2__Alphaproteobacteria;D_3__Sphingomonadales;D_4__Sphingomonadaceae	2.44844937021081	0.686984430121217	3.92529682680526	3.4666486814595	3.08396778108794	4.75431606905711	1.40218274290962	1.19260708487699	0.945219778095643	2.39234449760766	1.57943492357573	2.39538379479222	4.3860894251242	2.06448133277402	3.68797611694462	2.32516861909833	1.97415527293805	1.1821102298966	3.30533893221356	1.87294980776692	1.62016201620162	2.37789533151867	1.65868816662467	2.75233734020225	11.7630933706958	5.04806786050895	1.18885121747171	5.10167320470739	1.1612620508326	3.46481526095622	4.20396542437223	1.76688391832492	2.32848359408291	2.70070595961254
D_0__Bacteria;D_1__Proteobacteria;D_2__Alphaproteobacteria;D_3__Caulobacterales;D_4__Caulobacteraceae	2.41556220607097	0.750643219012758	5.84780496049351	5.78674040601605	2.58744345139579	3.08100929614874	3.6732243139194	1.64633892519669	1.78026056365253	6.52103314642014	3.46919870310329	5.68782427386898	9.11892933184629	4.94996104752202	4.27733168622607	2.15528170799736	0.66487094684442	2.47214135126995	2.9004199160168	0.373884519064583	0.285028502850285	1.85403934055775	1.05400184765264	0.310055332951727	0.143155201559478	1.46277097078228	1.90656510061204	1.37098711071972	0.635407537248028	2.80339035020478	0.841306076384436	1.60232120044172	2.83070554574785	1.16565424396651
D_0__Bacteria;D_1__Proteobacteria;D_2__Gammaproteobacteria;D_3__Enterobacteriales;D_4__Enterobacteriaceae	1.63613641595685	12.7582822736797	0.109857607639329	0.856545491333378	1.61646253999779	1.38999557326251	0.558047539999294	5.62169587478666	3.21065450187498	0.0411353352529823	0.120426123205188	0.339426853513068	0.942917976274967	0.224725834481932	1.69085855466337	0.0684618895481515	0.913771352586178	0.133018773215541	0	2.90995026630454	1.02760276027603	5.60834060911099	0.415721844293273	4.63174966609426	4.40126098411586	2.26201696512724	0.325833296640395	0.0240172924505644	4.18492550394391	0.124838476532557	0	15.5425156442847	0.185669933645827	1.9495977671975
D_0__Bacteria;D_1__Bacteroidetes;D_2__Bacteroidia;D_3__Flavobacteriales;D_4__Flavobacteriaceae	1.67231229651067	1.69491525423729	5.93231081252377	2.86639239225737	1.30199713119276	0.752545374059318	5.80651997315721	4.6122465970112	0.43685004059226	9.09307410855399	4.02037980546549	4.39315327546914	4.99645138396026	3.79636843051477	4.7946263125386	0.917896445052995	2.66971257117529	0	2.04259148170366	0.0846530986561321	0.911341134113411	0.21570540804273	0.0755857898715042	0.186033199771036	1.18331480437994	0.0904806786050895	0.902646294747039	1.68721479465215	0	2.93260912415953	0.0949034293482443	0.14074442976853	0.222195166494186	4.40403874569036
D_0__Bacteria;D_1__Actinobacteria;D_2__Actinobacteria;D_3__Corynebacteriales;D_4__Mycobacteriaceae	0.437399283059822	0.3793002838121	4.36472725736257	2.36055844068254	2.20125786163522	2.93050022133687	0.904178292657083	3.0616492527994	1.87497583794023	0.96126783433285	2.01945345067161	1.76017068321777	1.62425225590591	2.94840294840295	1.4952645666049	1.88396977534358	1.51045040744655	0.489408693906234	2.89442111577684	2.37734118725971	0.866336633663366	2.37275948847003	1.31015369110607	3.34859759587865	0.845224860271386	2.40904806786051	3.62379463696006	2.4637739172204	1.18317265556529	1.36008234959154	4.22192012722189	0.944070328908906	2.58720399342546	1.83877852569365
D_0__Bacteria;D_1__Firmicutes;D_2__Bacilli;D_3__Bacillales;D_4__Bacillaceae	2.16397540040122	1.43497519959683	1.05209785777665	4.33668307816821	1.30199713119276	0.115095174856131	0.399109949493166	0.880406277317571	0.202961302045077	0.0519604234774513	0.47244094488189	0.814624448431363	0.0811112237655886	0.206747767723377	0.355157504632489	3.01993001673513	0.378465000511439	10.9828330488907	0.608878224355129	1.54844626291842	1.38013801380138	1.25314570386729	1.18837658520198	0.958786491127647	0.0685317454274097	1.45900094250707	0.792567478314473	1.18485309422784	0.766871165644172	0.144549814932434	0.156462410547105	6.63664118831605	2.41370913739575	0.032835330815958
D_0__Bacteria;D_1__Proteobacteria;D_2__Alphaproteobacteria;D_3__Rhizobiales;D_4__Rhizobiales Incertae Sedis	0.231854507185845	0.132622476857378	0.62111801242236	0.72165643758009	1.69369965794991	0.903054448871182	0.466216932151309	0.607750905382342	0.340201801523176	0.402693281950248	0.745715609078277	0.567327740871842	0.537361857447024	0.916881404686283	0.342289479102327	1.17399462447386	1.51045040744655	1.43810862363217	1.56868626274745	2.32090578815562	1.87143714371437	2.65523085614504	1.52851263962375	3.32474718565159	0.271081126357309	2.17153628652215	2.18836687067941	0.554399167400528	2.62927256792287	1.11697584265972	2.47518403570421	1.02635168785051	1.87800572228648	1.66228862255787
D_0__Bacteria;D_1__Bacteroidetes;D_2__Bacteroidia;D_3__Cytophagales;D_4__Microscillaceae	0.335449074226329	0	1.24223602484472	0.775612059081406	1.47302217808673	1.54050464807437	0.596898951011903	1.00944927777547	0.369196273243901	1.20591482820585	0.991199629458082	1.19769189739611	1.21869613707797	1.29442080661593	0.751492690961499	0.606014503778082	2.03211838112448	2.53488605561691	2.3125374925015	0.857112623893337	0.742574257425743	2.1570540804273	1.40253632317124	2.92883037588247	0.201026453253735	1.77945334590009	1.20646382810092	0.100072051877352	0.7011393514461	1.34256115990276	1.36455741657476	0.928913236472295	1.50970962439886	1.30109998358233
D_0__Bacteria;D_1__Actinobacteria;D_2__Actinobacteria;D_3__Micromonosporales;D_4__Micromonosporaceae	0.121682507317394	0.111402880560197	0.536612160392107	1.67262426654077	2.68674831733422	3.13413014608234	0.572175325822061	0.959497148565958	0.421386322341207	0.55207949944792	0.717924965261695	0.824322358531736	0.389333874074825	0.671181158986037	0.311406217829936	1.33627465895836	1.01946878516144	2.37174982431483	1.79064187162567	1.06521815808966	0.431293129312931	1.48939448410457	2.10380448475687	1.72199961839344	0.0106604937331526	2.77474081055608	2.0166439170446	0.508366023536947	0.635407537248028	1.01622900194923	1.38251211942442	0.701556849923132	1.78364887076155	0.730586110655065
D_0__Bacteria;D_1__Actinobacteria;D_2__Actinobacteria;D_3__Propionibacteriales;D_4__Nocardioidaceae	0.304206268293485	0.0371342935200658	1.52533062914607	1.92891346867202	1.41233587112435	0.522355024347056	0.55098364708791	0.595262873079965	0.274480998956199	0.930957587304337	0.685502547475683	0.644911021674829	1.28764067727872	1.42925630730509	0.820980028824377	1.01678584106699	0.17388932455931	1.2272864170264	1.21775644871026	0.162251772424253	0.712571257125713	0.754968928149556	0.482909213067943	1.20683075748903	0.0898527328937149	4.72761545711593	1.16243230152789	0.952685933872388	0	0.565058367463151	0.405263292892503	1.35547712361692	1.29360199671273	1.44065013955016
D_0__Bacteria;D_1__Bacteroidetes;D_2__Bacteroidia;D_3__Sphingobacteriales;D_4__Sphingobacteriaceae	0.748182984181274	0.557014402800987	2.00701398571851	0.762123153706077	0.281363786825554	0.30987162461266	1.46928972556776	0.326770178578862	0.392391850620482	2.05676676264912	1.24594719777675	1.74077486301702	3.33569907735983	0.973811949421706	1.99197035206918	0.400628835133627	0.177298919158512	0.0501957634775625	0.419916016796641	0	0.232523252325233	0.0462225874377279	0.352733686067019	0.0810913947719901	0.141632273883313	0.309142318567389	0.198141869578618	2.67992954927548	0	0.68770669528461	0.579680406289276	0.153736223285625	0.213063858282097	0.948120177310786
D_0__Bacteria;D_1__Proteobacteria;D_2__Deltaproteobacteria;D_3__Myxococcales;D_4__Haliangiaceae	0.121682507317394	0.0132622476857378	0.295770482105886	0.465367235448843	1.89782632682335	1.42540947321824	0.127150072404902	0.564042792324023	0.243553562454092	0.220831799779168	0.370541917554423	0.392765359065121	0.553584102200142	1.90867142086654	0.339715873996294	0.697297023175617	0.831941082205326	0.835759461901415	1.13977204559088	0.955874572325491	0.112511251125113	1.13502131374865	1.2177710590409	1.20206067544362	0.0776693114843976	1.03675777568332	1.97701554312888	0.0840605235769754	0.394390885188431	0.703037736262292	1.0593274681304	1.1887491068142	1.39404638704572	0.151863405023806
D_0__Bacteria;D_1__Proteobacteria;D_2__Deltaproteobacteria;D_3__Myxococcales;D_4__Sandaracinaceae	0.0559081790377216	0.0185671467600329	0.152110533654456	0.0944223376273015	0.750303431534812	0.805666223992917	0.0353194645569173	0.395454356241935	0.0927823095063208	0.10825088224469	0.361278369615563	0.378218493914561	0.371083848727568	0.994786360640019	0.22390364422483	0.8316851767331	0.340959459920215	1.06415018572432	1.25074985002999	1.98229339353109	0.281278127812781	2.46006882029685	0.856638951877047	1.24022133180691	0.0274126981709639	1.14985862393968	1.37818678173572	0.0540389080137699	0.876424189307625	0.216824722398651	0.0641239387488137	1.4767338631098	1.70451086625677	0.599244787391233
D_0__Bacteria;D_1__Proteobacteria;D_2__Gammaproteobacteria;D_3__Xanthomonadales;D_4__Xanthomonadaceae	0.639655342519815	0.0610063393543938	1.87602991507162	0.681189721454104	0.474456581705837	0.50464807436919	0.211916787341504	0.682679099196603	0.297676576332779	0.87033709324731	0.662343677628532	0.717645347427629	1.00172361350502	1.25546832863906	0.442660078237595	0.205385668644455	0.146612567765693	0.404075895994378	0.530893821235753	0.363302881732567	0.51005100510051	0.225977094140003	0.146972369194591	0.777523373402023	0.126402997121667	3.33647502356268	0.818986394258289	0.32423344808262	0.657318141980719	0.431459296086204	0.297535075794496	0.534828833120412	0.249589091130456	0.517156460351338
D_0__Bacteria;D_1__Proteobacteria;D_2__Alphaproteobacteria;D_3__Rhizobiales;D_4__Devosiaceae	0.970171342125169	0.12997002732023	1.55913296995817	0.957712281648344	0.408253337746883	0.389552899513059	0.83707130999894	0.726387212254922	0.618548730042139	1.44406676914417	1.73691523853636	1.2752751781991	0.99158471053432	0.560316413974951	0.880172946263125	0.588265125006339	0.170479729960108	0.511996787471137	0.596880623875225	0.208105534196325	0.09000900090009	0.498176775717734	0.302343159486017	0.343445907269605	0.0746234561320683	0.750235626767201	0.638457135308881	0.150108077816028	0	0.484022865152544	0.102598301998102	0.283654158456575	0.739635965179278	0.258578230175669
D_0__Bacteria;D_1__Actinobacteria;D_2__Actinobacteria;D_3__Micrococcales;D_4__Microbacteriaceae	0.600190745552011	0.254635155566165	1.18308192842354	0.229311391380589	0.2151605428666	0	0.925369971391234	0.308038130125297	0.177832759887115	1.06735369893265	2.89485873089393	2.71056587305436	1.35658521747947	0.476418769101696	1.31768581428866	0.253562553882043	0.0579631081864366	0.399056319646622	0.218956208758248	0.0846530986561321	0.363786378637864	0.200297878896821	0.17636684303351	0.0954016409082236	0.0944215159222089	0.23751178133836	0.26859231209546	0.878632615483148	0	0.111697584265972	0	0.162397418963688	0.155232239605527	0.258578230175669
D_0__Bacteria;D_1__Chloroflexi;D_2__Chloroflexia;D_3__Chloroflexales;D_4__Roseiflexaceae	0.115105074489427	0.0901832842630169	0.295770482105886	0.485600593511836	1.05373496634668	0.442673749446658	0.208384840885812	0.237272613745161	0.0657208025669772	0.149386217497673	0.111162575266327	0.11637492120448	0.182500253472574	0.53035296937736	0.167284331892114	1.52137532329226	0.797845136213304	0.389017166951109	1.32873425314937	1.29448696695002	0.262526252625263	1.18637974423502	1.15478290081465	0.539019271131463	0.0335044088756225	1.12723845428841	0.673682356567302	0.136097990553198	0	0.396416916708645	0.461692358991459	0.508845246086222	0.910087051804955	0.287309144639632
D_0__Bacteria;D_1__Proteobacteria;D_2__Gammaproteobacteria;D_3__Gammaproteobacteria Incertae Sedis;D_4__Unknown Family	0.0164435820699181	0.0424391925943609	0.181687581865044	0.492345046199501	1.18614145426459	0.965028773793714	0.0706389291138346	0.210215210423344	0.112111957320138	0.168871376301717	0.189902732746642	0.140619696455414	0.287944844367839	0.266674656918559	0.239345274861025	0.481768852375881	0.589859865661973	1.48579459893585	0.818836232753449	0.969983422101513	0.303780378037804	0.873093318268194	1.18837658520198	0.367296317496661	0	1.03675777568332	0.634053982651579	0.0640461132015051	0	0.291289778575965	0.207761561546156	0.736201632635385	1.63146040056005	0.623871285503201
D_0__Bacteria;D_1__Proteobacteria;D_2__Alphaproteobacteria;D_3__Dongiales;D_4__Dongiaceae	0.488374387476568	0.0503965412058036	0.485908649173955	0.61374519457746	1.34061569016882	0.274457724656928	0.459153039239925	0.622320276401782	0.235821703328565	0.454653705427699	0.449282075034738	0.353973718663628	0.685389840819223	1.318391562294	0.298538192299774	0.423449464983011	0.450066487094684	0.7228189940769	0.962807438512298	0.366830094176572	0.176267626762676	0.323558112064095	0.634080792810952	0.777523373402023	0.067008817751245	0.410933081998115	0.647263440623486	0.0960691698022576	0	0.512494798396811	0.600200066688896	0.591126605027824	0.581359956169721	0.1559678213758
D_0__Bacteria;D_1__Actinobacteria;D_2__Actinobacteria;D_3__Micrococcales;D_4__Cellulomonadaceae	0.337093432433321	0	1.01829551696455	1.69960207729143	0.915811541432197	0.557768924302789	0.628686469113128	0.322607501144736	0.185564619012642	0.922297516724761	0.532654006484484	0.339426853513068	0.896279022609754	0.76107149277881	0.486411365040148	0.5958720016228	0.102287837976065	0.800622427467122	0.326934613077385	0	0.273777377737774	0.23111293718864	0.163769211388259	0.0477008204541118	0.0502566133134337	0.618284637134779	0.330236449297697	0.138099431590745	0.744960560911481	0.120458179110362	0	0.298811250893186	0.693979424118829	0.295517977343622
D_0__Bacteria;D_1__Actinobacteria;D_2__Actinobacteria;D_3__Corynebacteriales;D_4__Nocardiaceae	0.194034268425034	0.0291769449086231	0.228165800481683	0.229311391380589	0.518592077678473	0	0.038851411012609	1.64425758647962	0.82730892643136	0.121240988114053	0.407596109309866	0.232749842408961	0.129777958024942	0.194762389884341	0.352583899526457	1.08524773061514	0.0920590541784582	3.29535187230198	0.116976604679064	0.271595358188424	0.39003900390039	0.164346977556366	0.138573948097758	0.267124594543026	0.0731005284559036	0.12818096135721	0.255382854123552	0.906652790008806	0.744960560911481	0.0394226767997547	0.679713750737425	0.954896823506485	0.295245632190905	0.0533574125759317
D_0__Bacteria;D_1__Actinobacteria;D_2__Thermoleophilia;D_3__Solirubrobacterales;D_4__67-14	0.1003058506265	0.148537174080263	0.904212616723708	0.492345046199501	0.700650998565596	0.787959274015051	0.233108466075654	0.476626566207385	0.249352456798237	0.160211305722142	0.370541917554423	0.402463269165495	0.49883402615837	0.803020315215437	0.383467160798847	0.425985090521832	0.228442838146544	0.110430679650637	0.350929814037193	0.204578321752319	0.131263126312631	0.184890349750912	0.0797850004199211	1.03510780385423	0.207118163958394	0.765315739868049	1.56752234599974	0.656472660315427	0	0.31319126568694	0.164157283196963	0.19271160383691	1.1688074511475	0.205220817599737
D_0__Bacteria;D_1__Proteobacteria;D_2__Gammaproteobacteria;D_3__Pseudomonadales;D_4__Moraxellaceae	0.231854507185845	0.023872045834328	0.938014957535809	0.357455992446213	0.623413880613483	0.292164674634794	0.547451700632218	0.726387212254922	0.879498975528666	0.235986923293425	0.722556739231126	0.955244144886777	0.657000912501267	0.542338347216396	0.800391187976117	0	0.0340959459920215	0.228390723822909	0.368926214757049	0.28217699552044	0	1.03230445277592	0.0755857898715042	0.0429307384087006	0.0350273365517872	0.2186616399623	0.550394082162829	0.058041790088864	0	0.352613942486695	0.192371816246441	0.220860489790616	1.33621476836915	0.0369397471679527
D_0__Bacteria;D_1__Verrucomicrobia;D_2__Verrucomicrobiae;D_3__Chthoniobacterales;D_4__Chthoniobacteraceae	0.11839379090341	0.0212195962971804	0.430979845354291	0.451878330073515	0.568244510647688	0.531208499335989	0.0847667149366016	0.324688839861799	0.168167935980206	0.222996817424062	0.259379342288096	0.344275808563255	0.442056169522458	0.647210403307964	0.597076384599547	0.59333637608398	0.286405946332981	0.150587290432687	0.620875824835033	0.649007089697012	0.0675067506750675	0.487905089620461	0.48710842361636	0.352986071360427	0.11117372036002	0.45617342130066	0.60323191405046	0.174125370266592	0	0.35699423990889	0.559160745889655	0.298811250893186	0.289158093382845	0.500738794943359
D_0__Bacteria;D_1__Proteobacteria;D_2__Gammaproteobacteria;D_3__Xanthomonadales;D_4__Rhodanobacteraceae	0.101950208833492	0.0769210365772791	0.202814044872607	0.755378701018412	0.32549928279819	0.185922974767596	0.16246953696182	0.183157807101528	0.129508640352573	0.253307064452575	0.176007410838351	0.0824322358531736	0.263611477238163	0.725115359261701	0.329421453572164	0.223135047416198	0.136383783968086	0.318743098082522	0.494901019796041	0.42326549328066	0.0375037503750375	0.128396076215911	0.377928949357521	0.0572409845449342	0.0258897704947992	0.606974552309142	0.493153097617894	2.28764710591626	0	0.216824722398651	0.348834226793547	0.311803044410281	0.292201862786875	0.287309144639632
D_0__Bacteria;D_1__Actinobacteria;D_2__Actinobacteria;D_3__Kineosporiales;D_4__Kineosporiaceae	0.1003058506265	0.047744091668656	0.257742848692272	0.580022931139138	0.529625951671632	0.327578574590527	0.430897467594391	0.357990259334804	0.0773185912552673	0.365887981987053	0.546549328392774	0.99403578528827	0.547500760417723	0.194762389884341	0.102944204241301	0.268776307114965	0.0306863513928194	0.647525348860556	0.311937612477505	0.0599626115480935	0.138763876387639	0.123260233167274	0.0713865793230873	0.0858614768174013	0	0.787935909519321	0.149707190348289	0.0440317028260347	0.394390885188431	0.0832256510217044	0.0769487264985765	0.262001169261417	0.490046874048822	0.385815137087506
D_0__Bacteria;D_1__Proteobacteria;D_2__Gammaproteobacteria;D_3__Betaproteobacteriales;D_4__Methylophilaceae	0.286118328016575	0.0583538898172462	0.418303967549753	0.357455992446213	0.623413880613483	0.416113324479858	0.289619609366722	0.245597968613412	0.361464414118375	0.261967135032151	0.115794349235757	0.717645347427629	0.172361350501876	0.206747767723377	0.579061148857319	0.230741924032659	0.303453919328992	0.341331191647425	0.650869826034793	0.278649783076435	0.0375037503750375	0.416003286939551	0.482909213067943	0.0810913947719901	0.0182751321139759	0.0904806786050895	0.220157632865131	0.146105195740933	0	0.418318403819619	0.323184651294021	0.0303141848732217	0.243501552322396	0.0779839106879002
D_0__Bacteria;D_1__Proteobacteria;D_2__Alphaproteobacteria;D_3__Rhizobiales;D_4__A0839	0.0115105074489427	0.0344818439829182	0.101407022436304	0.175355769879274	0.518592077678473	0.664010624169987	0.0176597322784587	0.110310952004329	0.0521900490973055	0.0151551235142566	0.0416859657248726	0.0533385055520535	0.07097232079489	0.398513813147959	0.087502573605106	0.588265125006339	0.825121893006921	0.0627447043469531	0.524895020995801	0.476173679940743	0	0.616301165836372	0.0965818426135887	0.839534439992368	0.0319814811994578	0.0867106503298775	0.572409845449342	0.124089344327916	0	0.265007994042796	0.610459896888706	0.329125435766408	0.423083947160163	0.123132490559842
D_0__Bacteria;D_1__Actinobacteria;D_2__Thermoleophilia;D_3__Gaiellales;D_4__Unclassified	0.0312428059328444	0.0371342935200658	0.469007478767905	0.714911984892426	0.788921990510868	0.327578574590527	0.0317875181012256	0.0853348873995754	0.0869834151621757	0.0995908116651151	0.0370541917554423	0	0.113555713271824	0.383532090849164	0.321700638254066	0.841827678888382	0.190937297555321	0.020078305391025	0.353929214157169	0.387993368840605	0.0637563756375638	0.225977094140003	0.151171579743008	0.28143484067926	0.118788358740843	0.418473138548539	0.532781471533618	0.490353054199023	0	0.118268030399264	0.379613717392977	0.125587337331919	0.258720399342546	0.119028074207848
D_0__Bacteria;D_1__Bacteroidetes;D_2__Bacteroidia;D_3__Cytophagales;D_4__Spirosomaceae	0.166080178906173	0.148537174080263	0.904212616723708	0.33722263438322	0.0386185589760565	0	0.303747395189489	0.316363484993548	0.0657208025669772	1.223234969365	0.528022232515053	1.21223876254667	0.784751089932069	0.188769700964823	0.537883467160799	0.0887468938587149	0	0.122979620520028	0.2249550089982	0	0.168766876687669	0	0.0251952632905014	0.133562297271513	0	0.177191328934967	0.154110343005592	0	0	0.0657044613329245	0	0.0649589675854752	0.191757472453887	0.266787062879659
D_0__Bacteria;D_1__Proteobacteria;D_2__Alphaproteobacteria;D_3__Caulobacterales;D_4__Hyphomonadaceae	0	0	0.114082900240842	0.033722263438322	0.722718746551914	0.0885347498893316	0.0353194645569173	0.13320567789202	0	0.0346402823183009	0.125057897174618	0	0.0506945148534929	0.293641757056391	0.0334568663784229	0.258633804959684	0.3170922977258	0.170665595823712	0.554889022195561	0.663115939473034	0.131263126312631	1.10420625545683	0.810447635844461	0.319595497042549	0	0.10933081998115	0.118885121747171	0	0.175284837861525	0.148930112354629	0.0949034293482443	0.316133642249313	0.581359956169721	0.558200623871285
D_0__Bacteria;D_1__Proteobacteria;D_2__Alphaproteobacteria;D_3__Rhizobiales;D_4__Rhodomicrobiaceae	0	0.0318293944457707	0.0802805594287404	0.121400148377959	0.171025046893964	0.398406374501992	0	0.0353827581900679	0.036726330846252	0	0.0509495136637332	0.0581874606022402	0	0.0509378558159046	0.0797817582870084	0.29920381358081	0.44324729789628	0.511996787471137	0.551889622075585	0.800677224789249	0.262526252625263	0.693338811565918	0.344335264970186	0.219423774088914	0	0.0452403393025448	0.1673198009775	0.0840605235769754	0.416301489921122	0.367944983464377	0.156462410547105	0.151570924366109	0.763986120411518	0.274995895583648
D_0__Bacteria;D_1__Proteobacteria;D_2__Deltaproteobacteria;D_3__Myxococcales;D_4__P3OB-42	0.0115105074489427	0	0.0633793890226898	0.0607000741889796	0.0275846849828975	0.141655599822931	0.0282555716455339	0.0437081130583191	0.0212626125951985	0.0259802117387257	0.078740157480315	0.077583280802987	0.085166784953868	0.101875711631809	0.0488984970146181	0.101425021552817	0.0716014865832452	0.125489408693906	1.00779844031194	0.250432083524391	0.09000900090009	0.698474654614555	0.314940791131267	0.434077466132417	0.0517795409895984	0.655984919886899	0.259786006780855	0.106076374989993	1.07361963190184	0.512494798396811	0.343704311693641	0.203538098434489	0.267851707554636	0.24216056476769
D_0__Bacteria;D_1__Verrucomicrobia;D_2__Verrucomicrobiae;D_3__Verrucomicrobiales;D_4__Verrucomicrobiaceae	0.0361758805538198	0	0.447881015760341	0.141633506440952	0.022067747986318	0.0354138999557326	0.0635750362024512	0.14777504891146	0.0309274365021069	0.0714455822814956	0.148216767021769	0.0533385055520535	0.49680624556423	0.49739318032001	0.272802141239448	0.0608550129316902	0.228442838146544	0.195763477562494	0.1499700059988	0.0176360622200275	0.255025502550255	0.297878896820913	0.17636684303351	0.777523373402022	0.00913756605698795	0.591894439208294	0.132094579719079	0	0.569675723049956	0.105127138132679	0.164157283196963	0.24467877790529	0.353077250867474	0.209325233951732
D_0__Bacteria;D_1__Verrucomicrobia;D_2__Verrucomicrobiae;D_3__Verrucomicrobiales;D_4__Rubritaleaceae	0.0904397013845496	0.0610063393543938	0.587315671610259	0	0.143440361911067	0.159362549800797	0.307279341645181	0.247679307330475	0.0753856264738856	0.417848405464505	0.569708198239926	0.688551617126509	0.49680624556423	0.299634445975909	0.62023883055384	0.286525685886708	0.105697432575267	0.215841782953519	0.200959808038392	0	0.0487548754875488	0.21570540804273	0.0629881582262535	0.152642625453158	0	0.135721017907634	0	0.0840605235769754	0	0.175211896887799	0.028214533049478	0.0346447827122534	0.133925853777318	0.0779839106879002
D_0__Bacteria;D_1__Acidobacteria;D_2__Subgroup 6;D_3__Unclassified;D_4__Unclassified	0.0328871641398362	0	0.14365994845143	0	0.231711353856339	0.398406374501992	0.0988945007593685	0.145693710194397	0.0521900490973054	0.0801056528610708	0.032422417786012	0.121223876254667	0.0648889790124709	0.143824534068437	0.19302038295244	0.446270094832395	0.225033243547342	0.414115048689891	0.488902219556089	0.306867482628479	0.183768376837684	0.164346977556366	0.226757369614512	0.319595497042549	0.0274126981709639	0.267672007540057	0.26859231209546	0	0.175284837861525	0.067894610044022	0.307794905994306	0.307472446571249	0.185669933645827	0.287309144639632
D_0__Bacteria;D_1__Proteobacteria;D_2__Alphaproteobacteria;D_3__Rhizobiales;D_4__Beijerinckiaceae	0.297628835465518	0.0450916421315085	0.456331600963367	0.27652256019424	0.0606863069623745	0.318725099601594	0.226044573164271	0.141531032760271	0.272548034174817	0.203511658620018	0.273274664196387	0.475197594918295	0.373111629321707	0.128842811769641	0.754066296067531	0.205385668644455	0.112516621773671	0.150587290432687	0.2249550089982	0	0.0825082508250825	0.0667659596322736	0	0.0620110665903454	0.0959444435983735	0.23751178133836	0	0.174125370266592	0	0.155500558487921	0.0205196603996204	0.0368100816317693	0.0121750776161198	0.279100311935643
D_0__Bacteria;D_1__Bacteroidetes;D_2__Bacteroidia;D_3__Cytophagales;D_4__Hymenobacteraceae	0	0.419087026869314	3.51966873706004	0.971201187023673	0	0.0354138999557326	0	0	0.0251285421579619	0	0	0.450952819667362	0	0	0.247066090179123	0	0.0170479729960108	0	0.0689862027594481	0	0.0375037503750375	0	0	0	0.0106604937331526	0	0	0.138099431590745	0	0	0	0	0	0.0369397471679527
D_0__Bacteria;D_1__Chloroflexi;D_2__KD4-96;D_3__Unclassified;D_4__Unclassified	0.026309731311869	0.0291769449086231	0.261968141293785	0.458622782761179	0.347567030784508	0	0	0	0.0251285421579619	0.127736041048735	0.0370541917554423	0.126072831304854	0.119639055054243	0.242703901240487	0.200741198270537	0.552766367462853	0.0613727027856388	0.130508985041662	0.458908218356329	0.105816373320165	0.105010501050105	0.0616301165836372	0.130175527000924	0.0906315588628124	0	0.569274269557022	0.312623838668487	0.0280201745256585	0	0.0876059484438993	0.0820786415984815	0.101769049217244	0.292201862786875	0.102610408799869
D_0__Bacteria;D_1__Chloroflexi;D_2__TK10;D_3__Unclassified;D_4__Unclassified	0.0378202387608117	0	0.169011704060506	0.128144601065624	0.193092794880282	0.265604249667995	0.0423833574683008	0.0707655163801357	0.0637878377855955	0.0476303881876637	0.138953219082909	0.208505067158027	0.101389029706986	0.278660034757596	0.154416306361952	0.286525685886708	0.289815540932183	0.0301174580865375	0.392921415716857	0.21163274664033	0.0262526252625263	0.241384623285912	0.151171579743008	0.195573363861858	0	0.2186616399623	0.180529258949408	0.0960691698022576	0	0.0766552048884119	0.182111986046631	0.346447827122534	0.197845011261947	0.213429650303727
D_0__Bacteria;D_1__Proteobacteria;D_2__Alphaproteobacteria;D_3__Rhizobiales;D_4__Methyloligellaceae	0.0131548656559345	0.0318293944457707	0.173236996662019	0.114655695690295	0.275846849828975	0.212483399734396	0.052979196835376	0.056196145360696	0.0618548730042139	0.0541254411223451	0.0741083835108847	0.0872811909033603	0.0385278312886546	0.0838976448732546	0.187873172740375	0.387950707439525	0.136383783968086	0.110430679650637	0.419916016796641	0.236323233748369	0.06000600060006	0.184890349750912	0.125976316452507	0.128792215226102	0.0502566133134337	0.245051837888784	0.136497732376381	0.326234889120167	0	0.0941763945771918	0.264190627645112	0.0822813589416019	0.322639556827175	0.299622393695616
D_0__Bacteria;D_1__Proteobacteria;D_2__Alphaproteobacteria;D_3__Rhizobiales;D_4__Labraceae	0.0394645969678035	0	0.135209363248405	0.397922708572199	0.319982345801611	0.442673749446658	0.0812347684809098	0.0811722099654498	0.0463911547531604	0.0909307410855398	0.0880037054191755	0.140619696455414	0.119639055054243	0.167795289746509	0.123533045089561	0.344845073279578	0.105697432575267	0.180704748519225	0.173965206958608	0.222214383972347	0	0.0410867443890915	0.239355001259763	0.16218278954398	0.0928985882460442	0.199811498586239	0.123288274404474	0.0440317028260347	0	0.197113383998774	0.0461692358991459	0.0822813589416019	0.231326474706276	0.336562140863569
D_0__Bacteria;D_1__Proteobacteria;D_2__Alphaproteobacteria;D_3__Rhizobiales;D_4__Hyphomicrobiaceae	0	0	0.0887311446317657	0.188844675254603	0	0.0708277999114653	0.0600430897467594	0.0437081130583191	0.0135307534696718	0.0714455822814956	0.1528485409912	0.106677011104107	0.0121666835648383	0.101875711631809	0.0617665225447807	0.306810690197272	0	0.429173777733159	0.293941211757648	0.232796021304363	0.213771377137714	0.23111293718864	0.142773158646175	0.219423774088914	0	0.196041470311027	0.215754480207829	0.142102313665839	0	0.203683830132066	0.171852155846821	0.127752636251435	0.316552018019115	0.381710720735511
D_0__Bacteria;D_1__Proteobacteria;D_2__Deltaproteobacteria;D_3__Bdellovibrionales;D_4__Bdellovibrionaceae	0.034531522346828	0.0424391925943609	0.295770482105886	0.290011465569569	0.237228290852918	0.132802124833997	0.0176597322784587	0.0166507097365025	0.0579889434414505	0.0433003528978761	0.101899027327466	0.0533385055520535	0.362972726351009	0.257685623539282	0.108091414453366	0.258633804959684	0.132974189368884	0.100391526955125	0.230953809238152	0.130506860428204	0.0337533753375338	0.21570540804273	0.12177710590409	0.152642625453158	0	0.395852968897267	0.162916648320197	0.0140100872628292	0	0.131408922665849	0.125682919947675	0.203538098434489	0.261764168746576	0.0656706616319159
D_0__Bacteria;D_1__Proteobacteria;D_2__Alphaproteobacteria;D_3__Rhodobacterales;D_4__Rhodobacteraceae	0.101950208833492	0.0424391925943609	0.266193433895297	0.256289202131247	0.132406487917908	0.132802124833997	0.0777028220252181	0.168588436082088	0.0966482390690842	0.056290458767239	0.180639184807781	0.193958202007467	0.154111325154618	0.455444357883382	0.362878319950587	0.101425021552817	0.14320297316649	0	0.0359928014397121	0.0917075235441431	0.0487548754875488	0.0770376457295465	0.0377928949357521	0.224193856134326	0.0289356258471285	0.0867106503298775	0.625247677336973	0.0300216155632055	0	0.063514312621827	0.0205196603996204	0.0433059783903168	0.106531929141048	0.192907568543753
D_0__Bacteria;D_1__Bacteroidetes;D_2__Bacteroidia;D_3__Cytophagales;D_4__Cytophagaceae	0.0805735521425987	0	0.3337981155195	0.148377959128617	0.159991172900805	0.194776449756529	0.0741708755695264	0.0353827581900679	0.0405922604090153	0.0974257940202213	0.180639184807781	0.252145662609708	0.579945249923958	0.353568646251573	0.308832612723904	0.121710025863381	0.0579631081864366	0.0150587290432687	0.0389922015596881	0.0176360622200275	0	0	0.146972369194591	0.124022133180691	0.0289356258471285	0.0452403393025448	0.136497732376381	0	0	0.571628813596443	0.315489778644163	0.0324794837927376	0.112619467949108	0
D_0__Bacteria;D_1__Proteobacteria;D_2__Deltaproteobacteria;D_3__Myxococcales;D_4__BIrii41	0.00493307462097543	0	0.20703933747412	0.229311391380589	0.22067747986318	0	0.038851411012609	0.0499521292095075	0	0.0930957587304337	0.0648448355720241	0	0.243333671296766	0.251692934619764	0.0566193123327157	0.202850043105634	0.211394865150534	0.614898102600141	0.272945410917816	0.119925223096187	0.09000900090009	0.0821734887781829	0.18896447467876	0.109711887044457	0	0.207351555136664	0.114481969089868	0	0	0.072274907466217	0	0.171058614641751	0.563097339745541	0.0985059924478739
D_0__Bacteria;D_1__Proteobacteria;D_2__Alphaproteobacteria;D_3__Micropepsales;D_4__Micropepsaceae	0.0559081790377216	0.0291769449086231	0.0887311446317657	0.182100222566939	0.336533156791349	0.150509074811864	0.10242644721506	0.0811722099654498	0.0386592956276337	0.0411353352529823	0.111162575266327	0.0484895505018668	0.158166886342898	0.251692934619764	0.138974675725757	0.109031898169278	0.0409151351904259	0.0928621624334906	0.1499700059988	0.109343585764171	0.0375037503750375	0.14380360536182	0.167968421936676	0.0906315588628124	0	0.282752120640905	0.290608075381974	0.0420302617884877	0	0.0876059484438993	0.1513324954472	0.101769049217244	0.210020088878067	0.0615662452799212
D_0__Bacteria;D_1__Gemmatimonadetes;D_2__Gemmatimonadetes;D_3__Gemmatimonadales;D_4__Gemmatimonadaceae	0	0	0.0549288038196645	0	0.303431534811872	0.256750774679061	0.0247236251898421	0.0270574033218166	0.0309274365021069	0.0303102470285133	0.0648448355720241	0	0.0344722701003751	0.188769700964823	0.198167593164505	0.286525685886708	0.109107027174469	0.0803132215641	0.407918416316737	0.190469471976297	0.0262526252625263	0.200297878896821	0.109179474258839	0.133562297271513	0.0243668428186345	0.0490103675777568	0.277398617410066	0.0660475542390521	0	0.0700847587551195	0.148767537897248	0.199207500595457	0.237414013514336	0.0779839106879002
D_0__Bacteria;D_1__Actinobacteria;D_2__Actinobacteria;D_3__Catenulisporales;D_4__Actinospicaceae	0.291051402637551	0.0742685870401316	0.173236996662019	0.377689350509206	0.242745227849498	0	0.158937590506128	0.141531032760271	0.121776781227046	0.283617311481089	0.213061602593793	0.208505067158027	0.458278414275575	0.419488224366273	0.226477249330863	0.0278918809270247	0	0.138038349563297	0.0509898020395921	0	0.0487548754875488	0.0616301165836372	0	0	0	0.0942507068803016	0	0	0	0	0	0.0454712773098326	0.0182626164241797	0.016417665407979
D_0__Bacteria;D_1__Proteobacteria;D_2__Alphaproteobacteria;D_3__Reyranellales;D_4__Reyranellaceae	0.052619462623738	0	0.0380276334136139	0.155122411816281	0.0165508109897385	0.177069499778663	0.0847667149366016	0.0978229197019523	0.036726330846252	0.0995908116651151	0.189902732746642	0.0339426853513068	0.164250228125317	0.224725834481932	0.0720609429689108	0.0583193873928698	0.0852398649800539	0.230900511996787	0.131973605278944	0.197523896864308	0.0187518751875188	0.205433721945457	0.17636684303351	0.0810913947719901	0.0304585535232932	0.196041470311027	0.154110343005592	0.0800576415018814	0	0.0941763945771918	0.135942750147485	0.138579130849014	0.194801241857917	0.205220817599737
D_0__Bacteria;D_1__Actinobacteria;D_2__Acidimicrobiia;D_3__IMCC26256;D_4__Unclassified	0.0180879402769099	0.0212195962971804	0.105632315037816	0.148377959128617	0.165508109897385	0.194776449756529	0.0141277858227669	0.0936602422678267	0.0502570843159238	0.0368052999631947	0.0231588698471515	0.0339426853513068	0.0486667342593531	0.203751423263618	0.0797817582870084	0.304275064658451	0.115926216372873	0.0577251279991969	0.20995800839832	0.356248456844556	0	0.184890349750912	0.0587889476778366	0.0715512306811677	0	0.105560791705938	0.233367090837039	0.192138339604515	0	0.0613241639107295	0.202631646446251	0.067124266504991	0.103488159737018	0.127236906911837
D_0__Bacteria;D_1__Bacteroidetes;D_2__Bacteroidia;D_3__Sphingobacteriales;D_4__env.OPS 17	0.00986614924195087	0.00795734861144267	0.384501626737652	0.209078033317596	0.204126668873441	0.150509074811864	0.0706389291138346	0.0770095325313242	0.00966482390690842	0.210006711554699	0.0926354793886058	0.193958202007467	0.596167494677076	0.290645412596632	0.146695491043854	0.0405700086211268	0.105697432575267	0	0.0569886022795441	0	0	0	0.0335936843873352	0.0190803281816447	0	0.0377002827521206	0	0	0	0.0284719332442673	0.0256495754995255	0	0.234370244110306	0.135445739615827
D_0__Bacteria;D_1__Actinobacteria;D_2__Actinobacteria;D_3__Streptosporangiales;D_4__Thermomonosporaceae	0	0	0.0633793890226898	0.303500370944898	0.242745227849498	0.283311199645861	0.0671069826581429	0.139449694043209	0.0270615069393436	0.0519604234774513	0.0926354793886058	0.0581874606022402	0.0365000506945149	0.0539342002756637	0.0849289684990735	0.0583193873928698	0	0.0250978817387812	0.167966406718656	0.077598673768121	0	0.0719018026809101	0.0965818426135887	0.0429307384087006	0	0.131950989632422	0.405090044471842	0.102073492914899	0	0.102936989421582	0.25136583989535	0	0	0
D_0__Bacteria;D_1__Verrucomicrobia;D_2__Verrucomicrobiae;D_3__Pedosphaerales;D_4__Pedosphaeraceae	0.0115105074489427	0	0.0253517556090759	0.121400148377959	0.066203243958954	0	0.0423833574683008	0.0124880323023769	0.00966482390690842	0.0281452293836195	0.143584993052339	0	0.0973334685187063	0.410499190986996	0.038604076590488	0.218063796338557	0.0306863513928194	0.0928621624334906	0.281943611277744	0.215159959084336	0	0	0.142773158646175	0.176493035680214	0	0.124410933081998	0.118885121747171	0	0	0.072274907466217	0.079513684048529	0.287984756295607	0.0913130821208985	0
D_0__Bacteria;D_1__Actinobacteria;D_2__MB-A2-108;D_3__Unclassified;D_4__Unclassified	0	0	0.105632315037816	0.188844675254603	0.077237117952113	0.0619743249225321	0.0176597322784587	0.0499521292095076	0.0328604012834886	0.0411353352529823	0	0.11637492120448	0.0344722701003751	0.0149817222987955	0.0566193123327157	0.339773822201937	0.163660540761703	0.0552153398253187	0.305938812237552	0.201051109308314	0.0375037503750375	0.138667762313184	0.0671873687746704	0.0429307384087006	0.0426419749326104	0.0791705937794533	0.0132094579719079	0.238171483468097	0	0.0613241639107295	0.051299150999051	0.0692895654245068	0.112619467949108	0.0902971597438844
D_0__Bacteria;D_1__Actinobacteria;D_2__Thermoleophilia;D_3__Gaiellales;D_4__Gaiellaceae	0	0	0.139434655849918	0.202333580629932	0.126889550921328	0	0.109490340126444	0.033301419473005	0.0309274365021069	0.0303102470285133	0.0416859657248726	0.0727343257528003	0.0892223461421474	0.0838976448732546	0.24449248507309	0.23834880064912	0.0340959459920215	0.0552153398253187	0.293941211757648	0.169306197312264	0.0562556255625563	0.0821734887781829	0.0713865793230873	0	0.0335044088756225	0.207351555136664	0	0.0920662877271635	0	0.0262817845331698	0.0615589811988612	0.0801160600220861	0.133925853777318	0.0615662452799212
D_0__Bacteria;D_1__Verrucomicrobia;D_2__Verrucomicrobiae;D_3__Opitutales;D_4__Opitutaceae	0.0657743282796724	0	0.223940507880171	0.263033654818911	0.0496524329692155	0	0	0.089497564833701	0	0.0757756175712832	0	0.092130145953547	0.237250329514347	0.212740456642896	0.136401070619724	0.101425021552817	0.0170479729960108	0	0.218956208758248	0.148142922648231	0	0	0.138573948097758	0	0	0.14703110273327	0	0	0	0.111697584265972	0.166722240746916	0.0714548643440227	0.146100931393438	0.1559678213758
D_0__Bacteria;D_1__Proteobacteria;D_2__Deltaproteobacteria;D_3__Myxococcales;D_4__Polyangiaceae	0.0131548656559345	0	0.0549288038196645	0.141633506440952	0.099304865938431	0.150509074811864	0.0247236251898421	0.104066935853141	0.100514168631848	0.166706358656823	0.143584993052339	0.145468651505601	0.101389029706986	0.125846467309882	0.138974675725757	0.106496272630458	0.0681918919840431	0	0.308938212357528	0.112870798208176	0	0.0924451748754558	0	0.0381606563632894	0.0152292767616466	0.0754005655042413	0.118885121747171	0.0560403490513169	0	0	0.11029317464796	0.0281488859537059	0.167407317221647	0.0287309144639632
D_0__Bacteria;D_1__Proteobacteria;D_2__Alphaproteobacteria;D_3__Rhizobiales;D_4__Unclassified	0.0542638208307298	0	0.122533485443867	0.249544749443583	0.11033873993159	0	0.038851411012609	0.0104066935853141	0.0115977886882901	0.0930957587304336	0.0509495136637332	0.0387916404014935	0.0932779073304268	0.0509378558159046	0	0.0912825193975354	0.0204575675952129	0.190743901214737	0.152969406118776	0.0458537617720715	0.075007500750075	0.0410867443890915	0.0545897371294197	0.0810913947719901	0.0426419749326105	0.286522148916117	0.162916648320197	0.0280201745256585	0	0.0854157997328019	0.153897452997153	0.0887772557001494	0.219151397090156	0.0861927433918897
D_0__Bacteria;D_1__Proteobacteria;D_2__Deltaproteobacteria;D_3__Oligoflexales;D_4__0319-6G20	0.0131548656559345	0	0.0845058520302531	0	0.159991172900805	0.557768924302789	0.0141277858227669	0.0478707904924447	0.0328604012834886	0.0129901058693628	0	0	0.0324444895062354	0.0779049559537364	0	0.126781276941021	0	0	0	0.0387993368840605	0	0.0975810179240922	0.0293944738389183	0.124022133180691	0.0274126981709639	0.0754005655042413	0.264189159438158	0.0320230566007525	0	0.0985566919993868	0.607894939338754	0.123422038412403	0.133925853777318	0
D_0__Bacteria;D_1__Actinobacteria;D_2__Actinobacteria;D_3__Pseudonocardiales;D_4__Pseudonocardiaceae	0	0	0.160561118857481	0	0.159991172900805	0.159362549800797	0.0600430897467594	0.0145693710194397	0	0.116910952824266	0	0.0581874606022402	0.0506945148534929	0	0.324274243360099	0.0786043917034332	0.0306863513928194	0.376468226081719	0.0389922015596881	0	0.03000300030003	0	0	0.0238504102270559	0.0152292767616466	0.490103675777568	0.233367090837039	0.0760547594267873	0	0.0175211896887799	0.0384743632492882	0	0.0791380045047787	0.0738794943359054
D_0__Bacteria;D_1__Actinobacteria;D_2__Actinobacteria;D_3__Frankiales;D_4__Nakamurellaceae	0.0164435820699181	0	0.177462289263531	0.269778107506576	0.126889550921328	0	0.0565111432910677	0.0249760646047538	0.0154637182510535	0.166706358656823	0.0509495136637332	0	0.0912501267362871	0.062923233654941	0.321700638254066	0.273847558192606	0.0238671621944151	0.0727838570424656	0.0899820035992801	0.0846530986561321	0.045004500450045	0.035950901340455	0	0	0	0.113100848256362	0.0396283739157237	0.0660475542390521	0	0.0262817845331698	0.0384743632492882	0.0476365762293485	0.0578316186765691	0.160072237727795
D_0__Bacteria;D_1__Acidobacteria;D_2__Acidobacteriia;D_3__Acidobacteriales;D_4__Acidobacteriaceae (Subgroup 1)	0.124971223731378	0.0557014402800987	0.130984070646892	0.0404667161259864	0.270329912832395	0	0.0777028220252181	0.0416267743412563	0.0193296478138168	0.077940635216177	0	0	0.298083747338538	0.212740456642896	0.208462013588635	0.109031898169278	0.0272767567936172	0	0	0.0952347359881486	0	0	0	0.138332379316924	0	0.0716305372290292	0.242173396151645	0.0520374669762229	0	0.0372325280886572	0.115423089747865	0.0411406794708009	0.0456565410604493	0
D_0__Bacteria;D_1__Proteobacteria;D_2__Gammaproteobacteria;D_3__Betaproteobacteriales;D_4__Nitrosomonadaceae	0	0	0	0.155122411816281	0	0	0	0.033301419473005	0	0.0411353352529823	0	0	0.0385278312886546	0.143824534068437	0.257360510603253	0.205385668644455	0.167070135360906	0.248469029213934	0.0509898020395921	0.193996684420303	0	0.0513584304863643	0.0377928949357521	0.0715512306811677	0.0137063490854819	0.0678605089538172	0	0.0360259386758466	0	0.0416128255108522	0.259060712545207	0.0346447827122534	0.213063858282097	0.032835330815958
D_0__Bacteria;D_1__Proteobacteria;D_2__Alphaproteobacteria;D_3__Rhizobiales;D_4__Kaistiaceae	0.0739961193146315	0	0	0	0	0.0531208499335989	0	0.0312200807559422	0.0309274365021069	0	0	0	0	0.03295978905735	0.0591929174387482	0.0684618895481515	0.0477343243888302	0.0376468226081719	0	0	0	0	0	0.276664758633848	0.0548253963419277	0	0	0.330237771195261	0	0	0	0	0.0243501552322396	1.26416023641438
D_0__Bacteria;D_1__Fibrobacteres;D_2__Fibrobacteria;D_3__Fibrobacterales;D_4__Fibrobacteraceae	0	0	0.0845058520302531	0.0472111688136508	0.044135495972636	0	0.0176597322784587	0.0499521292095075	0.0154637182510535	0	0.0416859657248726	0.0387916404014935	0.0790834431714489	0.158806256367232	0.0334568663784229	0.0405700086211268	0.0340959459920215	0	0.0959808038392322	0	0	0.0924451748754558	0.193163685227177	0.510398778858996	0.0213209874663052	0.0904806786050895	0.171722953634803	0.0260187334881114	0	0.113887732977069	0.161592325647011	0.0324794837927376	0.0974006209289584	0.0779839106879002
D_0__Bacteria;D_1__Firmicutes;D_2__Bacilli;D_3__Bacillales;D_4__Paenibacillaceae	0.087150984970566	0	0	0	0	0	0	0	0.0212626125951985	0	0	0	0	0.0449451668963864	0.0566193123327157	0.035498757543486	0.0545535135872345	0.130508985041662	0	0.042326549328066	0.176267626762676	0	0.041992105484169	0	0.278695764738133	0	0	1.31694820270595	0	0	0	0.0736201632635385	0.00913130821208985	0
D_0__Bacteria;D_1__Proteobacteria;D_2__Deltaproteobacteria;D_3__Bdellovibrionales;D_4__Bacteriovoracaceae	0.0723517611076397	0	0.312671652511936	0.121400148377959	0.126889550921328	0.0708277999114653	0.0812347684809098	0.0624401615118844	0.0231955773765802	0.0606204940570266	0	0.121223876254667	0.196694717631552	0.200755078803859	0.0772081531809759	0.070997515086972	0	0.0527055516514406	0.0539892021595681	0	0	0	0.0545897371294197	0.0715512306811677	0.00913756605698795	0	0	0.0140100872628292	0	0.0897960971549968	0.0384743632492882	0.116926141653855	0.0852255433128386	0
D_0__Bacteria;D_1__Proteobacteria;D_2__Gammaproteobacteria;D_3__Diplorickettsiales;D_4__Diplorickettsiaceae	0	0	0	0.128144601065624	0.10482180293501	0.16821602478973	0	0.0749281938142613	0.0695867321297406	0	0.0555812876331635	0.189109246957281	0.0547500760417723	0	0	0.0405700086211268	0.0477343243888302	0	0.0449910017996401	0.151670135092237	0.03000300030003	0.128396076215911	0.0335936843873352	0.248044266361381	0.0213209874663052	0	0.0924662058033552	0	0	0.0350423793775597	0.0589940236489086	0.0931078535391811	0.133925853777318	0
D_0__Bacteria;D_1__Actinobacteria;D_2__Thermoleophilia;D_3__Solirubrobacterales;D_4__Solirubrobacteraceae	0	0	0.245066970887734	0.229311391380589	0.171025046893964	0	0	0	0	0.0930957587304336	0	0	0.0324444895062354	0.107868400551327	0.18272596252831	0.0811400172422537	0	0.0577251279991969	0	0	0	0	0	0	0	0.101790763430726	0	0.0540389080137699	0	0.0394226767997547	0.0718188113986714	0.114760842734339	0.0700066962926889	0.106714825151863
D_0__Bacteria;D_1__Chloroflexi;D_2__Chloroflexia;D_3__Thermomicrobiales;D_4__JG30-KF-CM45	0.00822179103495906	0	0.0760552668272278	0.0607000741889796	0	0	0.0423833574683008	0.0374640969071307	0.0251285421579619	0.0584554764121328	0.032422417786012	0.0581874606022402	0.0730001013890297	0.0359561335171091	0.115812229771464	0.174958162178609	0.044324729789628	0.105411103302881	0.137972405518896	0.0458537617720715	0.0862586258625863	0	0.0167968421936676	0.0381606563632894	0.0182751321139759	0.158341187558907	0	0.0340244976382996	0	0.0109507435554874	0.0538641085490035	0.0216529891951584	0.0578316186765691	0.119028074207848
D_0__Bacteria;D_1__Actinobacteria;D_2__Actinobacteria;D_3__Micrococcales;D_4__Intrasporangiaceae	0	0	0.0422529260151265	0.067444526876644	0.044135495972636	0	0.10242644721506	0.0145693710194397	0.0135307534696718	0.18186148217108	0	0.106677011104107	0.085166784953868	0	0.20331480337657	0.167351285562148	0	0.117960044172272	0.023995200959808	0.0987619484321541	0	0	0	0	0.0121834214093173	0.0377002827521206	0	0.126090785365463	0	0	0.0128247877497627	0.0433059783903168	0	0.168281070431785
D_0__Bacteria;D_1__Proteobacteria;D_2__Gammaproteobacteria;D_3__Betaproteobacteriales;D_4__Rhodocyclaceae	0.0361758805538198	0	0.0676046816242025	0.0607000741889796	0.0606863069623745	0.16821602478973	0.0176597322784587	0.0291387420388794	0.0599219082228322	0	0	0	0.0871945655480077	0.116857433930605	0.133827465513692	0	0.30004432472979	0	0.125974805038992	0	0	0	0	0	0	0.0678605089538172	0	0	0	0.0262817845331698	0	0	0.210020088878067	0
D_0__Bacteria;D_1__Proteobacteria;D_2__Gammaproteobacteria;D_3__JG36-TzT-191;D_4__Unclassified	0.0180879402769099	0	0.194363459669582	0	0.270329912832395	0	0	0.114473629438455	0.0908493447249391	0	0	0	0.0648889790124709	0	0	0.053248136315229	0.132974189368884	0	0.026994601079784	0.0387993368840605	0	0	0	0	0	0	0.0748535951741447	0.0220158514130174	0	0.0262817845331698	0.389873547592787	0.0476365762293485	0	0
D_0__Bacteria;D_1__Proteobacteria;D_2__Gammaproteobacteria;D_3__R7C24;D_4__Unclassified	0	0	0.0633793890226898	0	0.165508109897385	0.159362549800797	0.0459153039239925	0.291387420388794	0.100514168631848	0.0389703176080885	0.111162575266327	0.0824322358531736	0.0628611984183311	0.0389524779768682	0	0.0126781276941021	0	0.0376468226081719	0	0.028217699552044	0.015001500150015	0.0821734887781829	0.0461913160325859	0	0	0	0	0	0	0	0	0.0108264945975792	0.0669629268886589	0
D_0__Bacteria;D_1__Bacteroidetes;D_2__Bacteroidia;D_3__Cytophagales;D_4__Unclassified	0	0	0.0718299742257151	0.0607000741889796	0.0937879289418515	0	0.0988945007593685	0.0437081130583191	0.0386592956276337	0.0606204940570266	0.0602130616025938	0.0484895505018668	0.0182500253472574	0.0509378558159046	0.0643401276508133	0.0912825193975354	0	0.04015661078205	0.140971805638872	0.0458537617720715	0.0375037503750375	0.0410867443890915	0.0713865793230873	0.0190803281816447	0	0.0263901979264844	0	0	0	0.0481832716441446	0	0.0519671740683801	0.0213063858282097	0.0697750779839107
D_0__Bacteria;D_1__Proteobacteria;D_2__Alphaproteobacteria;D_3__Unclassified;D_4__Unclassified	0	0	0	0.0202333580629932	0	0	0	0	0	0	0.0463177396943029	0	0	0.116857433930605	0.0308832612723904	0.0431056341599473	0.0477343243888302	0	0.0629874025194961	0.275122570632429	0	0.133531919264547	0.163769211388259	0	0	0	0.035225221258421	0.0240172924505644	0	0.0788453535995094	0.218021391745967	0.054132472987896	0	0.032835330815958
D_0__Bacteria;D_1__Acidobacteria;D_2__Acidobacteriia;D_3__Acidobacteriales;D_4__Unclassified	0.0115105074489427	0	0	0.0944223376273015	0.11033873993159	0	0	0	0	0	0	0	0	0	0.0154416306361952	0.114103149246919	0.0681918919840431	0.0301174580865375	0.0959808038392322	0.0881803111001376	0	0.0564942735350008	0.0797850004199211	0	0	0.0867106503298775	0.0484346792303289	0.0420302617884877	0	0.063514312621827	0.269320542745018	0.0151570924366109	0	0.0615662452799212
D_0__Bacteria;D_1__Proteobacteria;D_2__Alphaproteobacteria;D_3__Micavibrionales;D_4__Unclassified	0.00657743282796724	0	0.0718299742257151	0.0539556215013152	0	0	0.0671069826581429	0.0270574033218166	0.0463911547531604	0.0541254411223451	0.0277906438165818	0.0290937303011201	0.166278008719457	0.095883022712291	0.0257360510603253	0.0735331406257924	0	0.0276076699126594	0.0419916016796641	0.021163274664033	0	0.0256792152431822	0.0125976316452507	0.052470902499523	0	0.0904806786050895	0.0484346792303289	0	0	0.0503734203552421	0	0.0519671740683801	0.0913130821208985	0
D_0__Bacteria;D_1__Acidobacteria;D_2__Blastocatellia (Subgroup 4);D_3__Blastocatellales;D_4__Blastocatellaceae	0	0	0.0380276334136139	0.0741889795643084	0.11033873993159	0	0.0141277858227669	0.033301419473005	0	0.0433003528978761	0	0	0	0.0928866782525319	0.0488984970146181	0.0735331406257924	0.0306863513928194	0.0828230097379781	0.0539892021595681	0.049380974216077	0	0	0	0	0	0.2186616399623	0.035225221258421	0	0	0.0197113383998774	0.0589940236489086	0.0454712773098326	0.0213063858282097	0
D_0__Bacteria;D_1__Planctomycetes;D_2__Phycisphaerae;D_3__Tepidisphaerales;D_4__WD2101 soil group	0	0.0106097981485902	0	0.0269778107506576	0	0	0	0.0520334679265704	0	0	0	0.0533385055520535	0.0405556118827943	0.0988793671720501	0	0.111567523708099	0.0579631081864366	0	0.0659868026394721	0.0881803111001376	0	0	0.0923826320651717	0.0763213127265789	0	0.056550424128181	0.132094579719079	0.0300216155632055	0	0.0328522306664623	0.0641239387488137	0	0.0517440798685092	0
D_0__Bacteria;D_1__Proteobacteria;D_2__Deltaproteobacteria;D_3__Myxococcales;D_4__Nannocystaceae	0	0	0.0422529260151265	0.0539556215013152	0	0.115095174856131	0	0.0312200807559422	0.00966482390690842	0	0	0.0533385055520535	0.0790834431714489	0.0838976448732546	0.0231624459542928	0.0253562553882043	0.0409151351904259	0.0727838570424656	0.248950209958008	0	0	0	0.0293944738389183	0	0	0.0226201696512724	0	0	0	0.0197113383998774	0	0.0519671740683801	0.136969623181348	0
D_0__Bacteria;D_1__Acidobacteria;D_2__Acidobacteriia;D_3__Solibacterales;D_4__Solibacteraceae (Subgroup 3)	0	0	0	0	0.055169369965795	0	0	0	0	0.0129901058693628	0	0	0.0121666835648383	0.0239707556780728	0.0205888408482602	0.106496272630458	0.115926216372873	0	0.0749850029994001	0.0670170364361045	0.0187518751875188	0.0770376457295465	0.0923826320651717	0.0286204922724671	0.0411190472564458	0.0188501413760603	0	0.058041790088864	0	0.0284719332442673	0.184676943596583	0.0259835870341901	0	0.0697750779839107
D_0__Bacteria;D_1__Bacteroidetes;D_2__Bacteroidia;D_3__Sphingobacteriales;D_4__KD3-93	0	0.00795734861144267	0	0.0269778107506576	0	0.0442673749446658	0	0.0145693710194397	0.00579889434414505	0	0	0	0	0	0.0463248919085855	0.0481768852375881	0.0681918919840431	0	0.0869826034793041	0.0529081866600825	0	0.0924451748754558	0.113378684807256	0.0906315588628124	0	0.0150801131008483	0	0	0	0.067894610044022	0.179547028496678	0.0173223913561267	0	0.147758988671811
D_0__Bacteria;D_1__Chloroflexi;D_2__Anaerolineae;D_3__SBR1031;D_4__Unclassified	0	0	0.0380276334136139	0	0.055169369965795	0	0	0.0249760646047538	0	0	0	0	0.0162222447531177	0.0539342002756637	0.00514721021206506	0.0431056341599473	0.0954686487776603	0	0	0.158724559980248	0.0112511251125113	0.21570540804273	0.0965818426135887	0.052470902499523	0.0121834214093173	0.0150801131008483	0.0528378318876315	0.0060043231126411	0	0.0262817845331698	0.102598301998102	0	0.0426127716564193	0
D_0__Bacteria;D_1__Proteobacteria;D_2__Deltaproteobacteria;D_3__Myxococcales;D_4__Phaselicystidaceae	0	0	0.0380276334136139	0.0269778107506576	0.0386185589760565	0	0	0.0353827581900679	0	0	0.0277906438165818	0.0339426853513068	0.0932779073304268	0.0749086114939773	0	0.035498757543486	0	0.0476859753036844	0.143971205758848	0.0387993368840605	0.0225022502250225	0.0975810179240922	0	0.0667811486357565	0	0	0	0	0	0.0810355023106069	0	0.116926141653855	0.0852255433128386	0
D_0__Bacteria;D_1__Verrucomicrobia;D_2__Verrucomicrobiae;D_3__Chthoniobacterales;D_4__01D2Z36	0	0	0.0380276334136139	0.0607000741889796	0	0	0.0282555716455339	0	0	0.0411353352529823	0.0231588698471515	0.0339426853513068	0.196694717631552	0.0209744112183137	0	0	0	0.288625639995984	0	0	0	0	0	0.0143102461362335	0	0.0263901979264844	0	0	0	0.0810355023106069	0	0.0822813589416019	0.0517440798685092	0.0985059924478739
D_0__Bacteria;D_1__Acidobacteria;D_2__Thermoanaerobaculia;D_3__Thermoanaerobaculales;D_4__Thermoanaerobaculaceae	0.00822179103495906	0.0132622476857378	0	0.033722263438322	0.099304865938431	0.0885347498893316	0.0176597322784587	0	0	0.0173201411591504	0	0	0.103416810301125	0.0539342002756637	0	0	0	0.158116654954322	0.020995800839832	0.056435399104088	0	0	0	0.0238504102270559	0	0.0829406220546654	0.0396283739157237	0	0	0.0197113383998774	0.0256495754995255	0.0887772557001494	0.0791380045047787	0.0246264981119685
D_0__Bacteria;D_1__Actinobacteria;D_2__Actinobacteria;D_3__Frankiales;D_4__Acidothermaceae	0.0230210148978854	0.0132622476857378	0.0633793890226898	0.0607000741889796	0	0	0	0	0	0	0	0	0.0344722701003751	0.0838976448732546	0.043751286802553	0.035498757543486	0	0	0.0359928014397121	0.035272124440055	0	0	0.0587889476778366	0.0381606563632894	0	0	0.0792567478314473	0.0300216155632055	0	0.102936989421582	0.156462410547105	0.00866119567806336	0.0304376940402995	0.0369397471679527
D_0__Bacteria;D_1__Proteobacteria;D_2__Alphaproteobacteria;D_3__Azospirillales;D_4__Azospirillaceae	0.0180879402769099	0	0.0591540964211772	0	0	0	0	0	0	0.0627855117019204	0	0.0533385055520535	0.0324444895062354	0	0.25478690549722	0.0811400172422537	0	0.0326272462604156	0	0	0.0562556255625563	0	0	0	0	0	0	0.104074933952446	0	0.0109507435554874	0.0410393207992408	0.0151570924366109	0.0273939246362696	0.119028074207848
D_0__Bacteria;D_1__Acidobacteria;D_2__Subgroup 6;D_3__Unknown Order;D_4__Unknown Family	0	0	0.0380276334136139	0	0.044135495972636	0	0	0	0.00773185912552673	0	0	0	0	0.0479415113561455	0.0360304714844554	0.0405700086211268	0	0	0.0719856028794241	0.10228916087616	0	0.128396076215911	0.0671873687746704	0.0667811486357565	0	0	0	0.0220158514130174	0	0.0438029742219497	0.0564290660989561	0.0931078535391811	0.060875388080599	0
D_0__Bacteria;D_1__Verrucomicrobia;D_2__Verrucomicrobiae;D_3__Chthoniobacterales;D_4__Unclassified	0	0	0	0	0	0	0	0.0145693710194397	0.0251285421579619	0.0238151940938319	0	0	0	0	0	0.0633906384705107	0	0	0.0629874025194961	0.0670170364361045	0	0.123260233167274	0.117577895355673	0	0.0137063490854819	0.0678605089538172	0.035225221258421	0	0	0.0284719332442673	0.0487341934490984	0.054132472987896	0.0882693127168686	0.0738794943359054
D_0__Bacteria;D_1__Actinobacteria;D_2__Actinobacteria;D_3__Micrococcales;D_4__Promicromonosporaceae	0.0591968954517052	0	0.464782186166392	0.175355769879274	0	0	0	0	0	0	0	0	0	0	0	0	0	0	0	0	0.0937593759375938	0	0	0	0	0.0791705937794533	0	0	0	0	0	0	0	0
D_0__Bacteria;D_1__Firmicutes;D_2__Bacilli;D_3__Bacillales;D_4__Planococcaceae	0.1003058506265	0	0	0	0	0	0	0	0	0.0151551235142566	0	0	0	0.0119853778390364	0	0	0.0272767567936172	0.1606264431282	0	0	0.27002700270027	0	0	0	0	0	0	0.0820590825394284	0	0	0	0.186215707078362	0	0
D_0__Bacteria;D_1__Nitrospirae;D_2__Nitrospira;D_3__Nitrospirales;D_4__Nitrospiraceae	0	0	0	0	0	0.0265604249667995	0	0	0	0	0	0	0.0344722701003751	0.0359561335171091	0.038604076590488	0.0481768852375881	0.12615500017048	0.0225880935649031	0.0539892021595681	0.0881803111001376	0	0.0205433721945457	0.0293944738389183	0	0.0106604937331526	0.0301602262016965	0.0484346792303289	0	0	0.0328522306664623	0.0820786415984815	0.0346447827122534	0.0334814634443295	0.032835330815958
D_0__Bacteria;D_1__Verrucomicrobia;D_2__Verrucomicrobiae;D_3__Chthoniobacterales;D_4__Xiphinematobacteraceae	0	0	0	0.0269778107506576	0.0717201809555335	0	0	0.0187320484535653	0.0270615069393436	0.00649505293468142	0	0	0.0182500253472574	0.0359561335171091	0	0.0228206298493838	0.0306863513928194	0	0.026994601079784	0.0246904871080385	0	0	0.0755857898715042	0.0381606563632894	0.0228439151424699	0.0263901979264844	0	0	0	0.0438029742219497	0.0949034293482443	0.0216529891951584	0.0730504656967188	0.110819241503858
D_0__Bacteria;D_1__Proteobacteria;D_2__Alphaproteobacteria;D_3__Acetobacterales;D_4__Acetobacteraceae	0	0	0.122533485443867	0	0	0	0	0	0.0212626125951985	0	0	0	0.0344722701003751	0.095883022712291	0.123533045089561	0.0786043917034332	0	0	0.0569886022795441	0.137561285316215	0	0	0	0	0	0	0	0.0460331438635818	0	0	0.0846435991484341	0	0	0
D_0__Bacteria;D_1__Actinobacteria;D_2__Acidimicrobiia;D_3__Microtrichales;D_4__Ilumatobacteraceae	0	0	0.105632315037816	0	0.0717201809555335	0	0	0	0	0.0454653705427699	0	0	0.0446111730710737	0	0.0772081531809759	0.0633906384705107	0.0204575675952129	0.0476859753036844	0.02999400119976	0	0.045004500450045	0.0308150582918186	0	0	0	0.0829406220546654	0	0	0	0.0219014871109748	0	0.0389753805512851	0.0730504656967188	0
D_0__Bacteria;D_1__Actinobacteria;D_2__Actinobacteria;D_3__Glycomycetales;D_4__Glycomycetaceae	0.00986614924195087	0	0.0845058520302531	0	0.044135495972636	0	0	0	0	0	0	0	0.0486667342593531	0.0389524779768682	0	0	0	0.0903523742596125	0.00899820035992801	0	0	0	0	0	0	0.36569274269557	0	0	0	0	0	0.0692895654245068	0.0304376940402995	0
D_0__Bacteria;D_1__Actinobacteria;D_2__Actinobacteria;D_3__Frankiales;D_4__Sporichthyaceae	0	0	0	0.134889053753288	0.115855676928169	0	0	0.0187320484535653	0	0.0259802117387257	0	0	0.042583392476934	0	0.0257360510603253	0.0786043917034333	0	0.0376468226081719	0.0599880023995201	0	0	0	0	0.0286204922724671	0	0.0678605089538172	0	0.0160115283003763	0	0	0	0	0.0913130821208985	0.0451485798719422
D_0__Bacteria;D_1__Verrucomicrobia;D_2__Verrucomicrobiae;D_3__Chthoniobacterales;D_4__Terrimicrobiaceae	0	0	0	0	0	0	0	0.0624401615118844	0.0270615069393436	0.0216501764489381	0.0370541917554423	0.0290937303011201	0.0223055865355369	0.0569305447354228	0	0.139459404635123	0.0375055405912237	0	0.017996400719856	0	0	0.0616301165836372	0.0587889476778366	0.0763213127265789	0.0182751321139759	0	0	0	0	0.0657044613329245	0.0307794905994306	0	0	0
D_0__Bacteria;D_1__Verrucomicrobia;D_2__Verrucomicrobiae;D_3__Methylacidiphilales;D_4__Methylacidiphilaceae	0.0131548656559345	0	0.012675877804538	0.033722263438322	0.044135495972636	0	0	0.0374640969071307	0.00386592956276337	0	0	0	0.0162222447531177	0.0719122670342183	0.0154416306361952	0.0329631320046656	0.0238671621944151	0.0150587290432687	0.0929814037192561	0	0.0075007500750075	0.159211134507729	0	0	0	0.0263901979264844	0.0264189159438158	0	0	0	0	0.0281488859537059	0.0669629268886589	0
D_0__Bacteria;D_1__Proteobacteria;D_2__Gammaproteobacteria;D_3__Cellvibrionales;D_4__Unclassified	0	0	0	0	0	0	0	0	0	0	0	0	0	0	0	0	0	0	0	0	0	0	0.71806500377929	0	0	0	0	0	0	0	0	0	0	0
D_0__Bacteria;D_1__Bacteroidetes;D_2__Bacteroidia;D_3__Flavobacteriales;D_4__Crocinitomicaceae	0	0	0.0253517556090759	0.0404667161259864	0.0275846849828975	0	0	0.0478707904924447	0.042525225190397	0	0.032422417786012	0.0678853707026136	0.07097232079489	0.0749086114939773	0.0669137327568458	0.0278918809270247	0.0647822973848409	0.0225880935649031	0	0	0	0	0	0	0	0	0.0528378318876315	0.0060043231126411	0	0.0153310409776824	0	0	0	0
D_0__Bacteria;D_1__Chlamydiae;D_2__Chlamydiae;D_3__Chlamydiales;D_4__Parachlamydiaceae	0	0	0	0	0	0	0	0	0	0	0	0	0	0	0	0	0	0	0.140971805638872	0.0811258862121266	0	0.0462225874377279	0.0209960527420845	0	0	0	0.0836599004887499	0	0	0.0481832716441446	0.176982070946726	0	0.063919157484629	0
D_0__Bacteria;D_1__Proteobacteria;D_2__Deltaproteobacteria;D_3__Myxococcales;D_4__bacteriap25	0	0	0.0633793890226898	0	0.077237117952113	0	0	0	0.0154637182510535	0	0	0.0339426853513068	0	0	0.0669137327568458	0.0735331406257924	0.0306863513928194	0	0.0389922015596881	0	0	0	0	0	0	0.0339302544769086	0	0.0500360259386758	0	0	0.0333444481493831	0.0151570924366109	0.0243501552322396	0.0410441635199475
D_0__Bacteria;D_1__Proteobacteria;D_2__Gammaproteobacteria;D_3__Unclassified;D_4__Unclassified	0	0	0	0	0.0275846849828975	0	0	0	0.00193296478138168	0	0	0	0	0	0	0	0	0.12046983234615	0.0509898020395921	0	0	0	0.377928949357521	0	0	0	0	0	0	0	0	0	0	0
D_0__Bacteria;D_1__Bacteroidetes;D_2__Bacteroidia;D_3__Chitinophagales;D_4__Saprospiraceae	0	0	0.0422529260151265	0	0	0	0	0.0145693710194397	0	0	0	0.0290937303011201	0.056777856635912	0.0299634445975909	0.0308832612723904	0.017749378771743	0.0545535135872345	0.0376468226081719	0	0.0317449119960495	0.0262526252625263	0.0205433721945457	0	0.0763213127265789	0	0.0377002827521206	0	0	0	0.0131408922665849	0.0230846179495729	0.0151570924366109	0	0
D_0__Bacteria;D_1__Actinobacteria;D_2__Actinobacteria;D_3__Streptosporangiales;D_4__Streptosporangiaceae	0	0	0.0676046816242025	0	0.0717201809555335	0	0	0.0145693710194397	0.0135307534696718	0	0	0	0.0182500253472574	0.0389524779768682	0	0.035498757543486	0	0.0451761871298062	0	0	0	0	0	0	0	0.0678605089538172	0	0.0380273797133936	0	0	0.0333444481493831	0.0584630708269277	0	0.049252996223937
D_0__Bacteria;D_1__Actinobacteria;D_2__Actinobacteria;D_3__Unclassified;D_4__Unclassified	0.00822179103495906	0	0	0.0876778849396372	0.099304865938431	0	0	0	0	0	0	0	0.028388928317956	0.03295978905735	0	0.0887468938587149	0	0.0552153398253187	0	0.0387993368840605	0	0	0	0	0	0.0301602262016965	0	0	0	0.0109507435554874	0.028214533049478	0	0.0365252328483594	0
D_0__Bacteria;D_1__Bacteroidetes;D_2__Bacteroidia;D_3__Chitinophagales;D_4__37-13	0	0	0.0253517556090759	0	0.033101621979477	0	0	0.0166507097365025	0.0115977886882901	0	0	0	0.113555713271824	0.104872056091568	0.0669137327568458	0	0	0.0125489408693906	0	0	0	0.0256792152431822	0	0	0	0	0.0484346792303289	0	0	0.0350423793775597	0.0153897452997153	0.00649589675854752	0	0
D_0__Bacteria;D_1__Proteobacteria;D_2__Deltaproteobacteria;D_3__Desulfarculales;D_4__Desulfarculaceae	0	0	0	0	0	0	0	0	0	0.010825088224469	0	0	0.0608334178241914	0	0	0.0253562553882043	0	0	0.0599880023995201	0.0846530986561321	0	0.035950901340455	0.0545897371294197	0	0	0.0226201696512724	0.0616441372022368	0	0	0.0240916358220723	0.0436042783491933	0.0194876902756426	0	0
D_0__Bacteria;D_1__Acidobacteria;D_2__Subgroup 17;D_3__Unclassified;D_4__Unclassified	0	0	0	0	0.286880723822134	0	0	0	0	0	0	0	0	0.0239707556780728	0	0.0228206298493838	0	0.0276076699126594	0.0599880023995201	0.042326549328066	0	0	0	0	0	0	0	0	0	0	0	0.012991793517095	0.0152188470201498	0
D_0__Bacteria;D_1__Chloroflexi;D_2__Ktedonobacteria;D_3__Ktedonobacterales;D_4__JG30-KF-AS9	0	0	0	0	0.055169369965795	0	0	0	0	0	0	0	0.0202778059413971	0.0239707556780728	0.0797817582870084	0.0329631320046656	0	0	0	0.042326549328066	0	0	0	0	0	0	0.0264189159438158	0.104074933952446	0	0	0.0923384717982917	0.00433059783903168	0	0
D_0__Bacteria;D_1__Proteobacteria;D_2__Deltaproteobacteria;D_3__Myxococcales;D_4__Unclassified	0	0	0	0	0	0	0	0	0	0	0	0	0	0.03295978905735	0.0334568663784229	0.0152137532329226	0	0	0	0.246904871080385	0	0.102716860972729	0	0.0238504102270559	0	0	0	0	0	0	0	0.00866119567806336	0	0
D_0__Bacteria;D_1__Chloroflexi;D_2__Anaerolineae;D_3__Caldilineales;D_4__Caldilineaceae	0	0	0.0464782186166392	0	0.022067747986318	0	0.0247236251898421	0.0249760646047538	0.0154637182510535	0.0281452293836195	0.0463177396943029	0.0436405954516802	0.0223055865355369	0.0389524779768682	0.0102944204241301	0.017749378771743	0	0.0326272462604156	0	0	0	0	0	0	0	0	0	0	0	0	0	0.0173223913561267	0	0
D_0__Bacteria;D_1__Proteobacteria;D_2__Gammaproteobacteria;D_3__Legionellales;D_4__Legionellaceae	0	0	0	0	0	0	0	0.0457894517753819	0	0	0	0	0	0	0	0.0456412596987677	0	0	0.017996400719856	0.0670170364361045	0	0	0	0.0477008204541118	0	0	0	0	0	0	0.0230846179495729	0	0.0974006209289584	0.0287309144639632
D_0__Bacteria;D_1__Actinobacteria;D_2__Acidimicrobiia;D_3__Microtrichales;D_4__Iamiaceae	0	0	0	0	0	0	0	0	0	0	0	0	0.0324444895062354	0	0	0.0278918809270247	0.0477343243888302	0	0	0	0	0.0719018026809101	0	0	0	0.056550424128181	0	0	0	0.0328522306664623	0.0307794905994306	0.0151570924366109	0.0578316186765691	0
D_0__Bacteria;D_1__Proteobacteria;D_2__Gammaproteobacteria;D_3__Cellvibrionales;D_4__Cellvibrionaceae	0.0361758805538198	0	0.0802805594287404	0.0404667161259864	0	0	0	0	0	0.00866007057957522	0	0	0.0932779073304268	0.0449451668963864	0.0540457072266831	0	0	0	0	0	0	0	0	0	0	0	0	0	0	0	0	0	0	0
D_0__Bacteria;D_1__Acidobacteria;D_2__Acidobacteriia;D_3__Subgroup 2;D_4__Unclassified	0	0	0	0	0.0275846849828975	0	0	0	0	0	0	0	0	0.0119853778390364	0.0231624459542928	0.0304275064658451	0	0	0.01499700059988	0.056435399104088	0	0	0.0377928949357521	0	0	0.00754005655042413	0	0.0240172924505644	0	0	0.079513684048529	0	0.0273939246362696	0
D_0__Bacteria;D_1__Dependentiae;D_2__Babeliae;D_3__Babeliales;D_4__Vermiphilaceae	0	0	0	0	0	0	0	0	0	0	0	0	0	0.0239707556780728	0	0	0.0170479729960108	0	0.0389922015596881	0	0	0.0719018026809101	0.0335936843873352	0	0.0106604937331526	0	0	0	0	0.0240916358220723	0.0615589811988612	0	0.0304376940402995	0.016417665407979
D_0__Bacteria;D_1__Acidobacteria;D_2__Blastocatellia (Subgroup 4);D_3__Pyrinomonadales;D_4__Pyrinomonadaceae	0	0	0	0	0.033101621979477	0.0708277999114653	0	0	0	0	0	0	0	0	0.043751286802553	0.0202850043105634	0	0	0.0479904019196161	0	0	0	0.041992105484169	0.0429307384087006	0	0	0	0	0	0	0.0256495754995255	0	0	0
D_0__Bacteria;D_1__Proteobacteria;D_2__Gammaproteobacteria;D_3__Cellvibrionales;D_4__Spongiibacteraceae	0	0	0	0.0134889053753288	0	0	0	0	0	0	0	0	0.259555916049883	0	0.0514721021206506	0	0	0	0	0	0	0	0	0	0	0	0	0	0	0	0	0	0	0
D_0__Bacteria;D_1__FBP;D_2__Unclassified;D_3__Unclassified;D_4__Unclassified	0	0	0.0253517556090759	0	0	0.0354138999557326	0	0.0124880323023769	0	0	0	0	0.0121666835648383	0	0	0	0	0.0100391526955125	0.00899820035992801	0.0176360622200275	0	0	0	0	0	0.0226201696512724	0.0132094579719079	0	0	0	0.0128247877497627	0	0.0913130821208985	0.0287309144639632
D_0__Bacteria;D_1__Bacteroidetes;D_2__Bacteroidia;D_3__Flavobacteriales;D_4__Weeksellaceae	0.0657743282796724	0	0	0	0.033101621979477	0	0	0.0270574033218166	0	0	0	0	0.129777958024942	0	0	0.0152137532329226	0	0	0	0	0	0	0	0	0	0	0	0.0180129693379233	0	0	0	0	0	0
D_0__Bacteria;D_1__Proteobacteria;D_2__Alphaproteobacteria;D_3__Rickettsiales;D_4__SM2D12	0	0	0	0	0	0	0	0	0	0	0	0	0	0	0	0	0	0	0	0.063489823992099	0	0.0667659596322736	0.0251952632905014	0	0	0	0	0	0	0.0219014871109748	0.0666888962987662	0.0194876902756426	0	0
D_0__Bacteria;D_1__Actinobacteria;D_2__Actinobacteria;D_3__Frankiales;D_4__Frankiaceae	0	0	0	0	0	0	0	0	0	0	0	0	0	0	0	0	0	0	0	0	0	0	0.260351054001848	0	0	0	0	0	0	0	0	0	0	0
D_0__Bacteria;D_1__Acidobacteria;D_2__Holophagae;D_3__Subgroup 7;D_4__Unclassified	0	0	0	0	0	0	0.0105958393670752	0	0	0	0.0231588698471515	0	0.028388928317956	0	0	0	0	0.04015661078205	0.0599880023995201	0.0705442488801101	0	0	0	0	0	0	0	0	0	0	0.0205196603996204	0	0	0
D_0__Bacteria;D_1__Bacteroidetes;D_2__Bacteroidia;D_3__Sphingobacteriales;D_4__NS11-12 marine group	0	0	0.0380276334136139	0	0	0	0	0.0124880323023769	0	0	0	0.00969791010037337	0.0101389029706986	0.0599268891951819	0.0102944204241301	0.0253562553882043	0	0	0	0	0	0.0513584304863643	0	0.0143102461362335	0	0	0.0176126106292105	0	0	0	0	0	0	0
D_0__Bacteria;D_1__Chloroflexi;D_2__Gitt-GS-136;D_3__Unclassified;D_4__Unclassified	0	0	0	0	0	0	0	0	0	0	0	0	0	0	0	0.0456412596987677	0	0	0.0569886022795441	0.063489823992099	0	0	0	0	0	0.0414703110273327	0	0	0	0	0.0333444481493831	0	0	0
D_0__Bacteria;D_1__Chloroflexi;D_2__Anaerolineae;D_3__Anaerolineales;D_4__Anaerolineaceae	0	0	0	0	0	0	0	0	0.00966482390690842	0.00433003528978761	0	0	0	0.0419488224366273	0	0	0	0.020078305391025	0.023995200959808	0	0	0.0256792152431822	0.0671873687746704	0.0190803281816447	0	0.0150801131008483	0	0	0	0.0131408922665849	0	0	0	0
D_0__Bacteria;D_1__Proteobacteria;D_2__Gammaproteobacteria;D_3__Salinisphaerales;D_4__Solimonadaceae	0	0	0.0338023408121012	0	0.044135495972636	0	0	0.0249760646047538	0.0212626125951985	0	0	0.0533385055520535	0.0223055865355369	0	0.0360304714844554	0	0	0	0	0	0	0	0	0	0	0	0	0	0	0	0	0	0	0
D_0__Bacteria;D_1__Proteobacteria;D_2__Alphaproteobacteria;D_3__Azospirillales;D_4__Inquilinaceae	0	0	0	0	0	0	0	0	0	0	0	0	0	0	0.0205888408482602	0	0	0	0	0	0	0	0	0	0.0487336856372691	0	0	0.058041790088864	0	0.0153310409776824	0.0846435991484341	0	0	0
D_0__Bacteria;D_1__Proteobacteria;D_2__Gammaproteobacteria;D_3__CCD24;D_4__Unclassified	0	0	0	0	0.066203243958954	0	0	0	0	0	0	0	0	0	0.0257360510603253	0.0380343830823064	0	0	0	0	0	0.035950901340455	0	0.0286204922724671	0	0	0	0	0	0	0.028214533049478	0	0	0
D_0__Bacteria;D_1__Chlamydiae;D_2__Chlamydiae;D_3__Chlamydiales;D_4__Simkaniaceae	0	0	0	0	0	0	0	0	0	0	0	0	0	0	0	0	0.0613727027856388	0	0	0	0	0	0.0797850004199211	0	0.0395961195802811	0	0	0.0400288207509407	0	0	0	0	0	0
D_0__Bacteria;D_1__Proteobacteria;D_2__Alphaproteobacteria;D_3__Rhizobiales;D_4__KF-JG30-B3	0	0	0	0	0.099304865938431	0	0	0	0	0	0	0	0	0	0	0	0	0	0	0.0670170364361045	0	0	0	0	0	0	0	0	0	0	0.0538641085490035	0	0	0
D_0__Bacteria;D_1__Proteobacteria;D_2__Gammaproteobacteria;D_3__Betaproteobacteriales;D_4__Unclassified	0	0	0	0	0.033101621979477	0	0	0	0	0	0	0	0.0182500253472574	0.03295978905735	0.0180152357422277	0	0	0	0	0	0	0	0	0	0	0.116870876531574	0	0	0	0	0	0	0	0
D_0__Bacteria;D_1__Cyanobacteria;D_2__Oxyphotobacteria;D_3__Nostocales;D_4__Phormidiaceae	0	0	0.198588752271095	0	0	0	0	0	0	0	0	0	0	0	0	0	0	0	0.01499700059988	0	0	0	0	0	0	0	0	0	0	0	0	0	0	0
D_0__Bacteria;D_1__Proteobacteria;D_2__Alphaproteobacteria;D_3__Rhodospirillales;D_4__Unclassified	0	0	0	0	0	0.0796812749003984	0	0.0811722099654498	0.0270615069393436	0	0	0	0	0	0	0	0	0	0.011997600479904	0	0	0	0	0	0	0	0	0	0	0	0	0	0	0
D_0__Bacteria;D_1__Proteobacteria;D_2__Deltaproteobacteria;D_3__Oligoflexales;D_4__Oligoflexaceae	0.00822179103495906	0.0106097981485902	0	0	0	0	0	0.0187320484535653	0.00773185912552673	0.0259802117387257	0	0	0	0	0.0977969940292362	0.0126781276941021	0	0	0	0	0	0	0	0	0	0	0	0	0	0	0	0	0	0
D_0__Bacteria;D_1__Dependentiae;D_2__Babeliae;D_3__Babeliales;D_4__Unclassified	0	0	0.0338023408121012	0	0	0.0265604249667995	0	0.0104066935853141	0	0	0	0	0	0	0	0	0	0	0	0	0	0	0	0.0238504102270559	0.0106604937331526	0	0.0440315265730263	0	0	0	0	0	0.0243501552322396	0
D_0__Bacteria;D_1__Spirochaetes;D_2__Spirochaetia;D_3__Spirochaetales;D_4__Spirochaetaceae	0	0	0	0	0	0.0265604249667995	0	0.022894725887691	0	0	0	0	0	0.0209744112183137	0	0	0	0	0	0	0	0	0	0	0	0	0.0484346792303289	0	0	0.0175211896887799	0.0333444481493831	0	0	0
D_0__Bacteria;D_1__Chloroflexi;D_2__Ktedonobacteria;D_3__Ktedonobacterales;D_4__Ktedonobacteraceae	0	0	0	0	0	0	0	0	0	0	0	0	0	0	0	0	0	0	0	0.014108849776022	0	0	0	0	0	0	0	0.0120086462252822	0	0	0.0179547028496678	0	0.0578316186765691	0.0656706616319159
D_0__Bacteria;D_1__Chloroflexi;D_2__Ktedonobacteria;D_3__C0119;D_4__Unclassified	0	0.00795734861144267	0	0	0.066203243958954	0	0	0	0	0	0	0	0	0	0.0205888408482602	0.0253562553882043	0	0	0	0	0.0337533753375338	0	0	0	0	0	0	0	0	0	0	0	0	0
D_0__Bacteria;D_1__Firmicutes;D_2__Clostridia;D_3__Clostridiales;D_4__Clostridiaceae 1	0	0	0	0.0539556215013152	0	0	0	0	0	0	0	0	0	0	0	0	0	0.0100391526955125	0	0	0.015001500150015	0	0	0.00954016409082236	0	0	0.0308220686011184	0	0	0	0	0	0.0182626164241797	0.0123132490559842
D_0__Bacteria;D_1__Bacteroidetes;D_2__Bacteroidia;D_3__Bacteroidetes VC2.1 Bac22;D_4__Unclassified	0	0	0	0	0	0	0	0.0270574033218166	0.0115977886882901	0	0	0	0.014194464158978	0.0389524779768682	0	0	0.0204575675952129	0	0	0.014108849776022	0	0	0	0	0	0	0	0	0	0	0.00769487264985765	0.0151570924366109	0	0
D_0__Bacteria;D_1__Proteobacteria;D_2__Alphaproteobacteria;D_3__Elsterales;D_4__Unclassified	0	0	0	0	0	0	0	0	0	0	0	0	0	0	0.0308832612723904	0.0253562553882043	0	0	0	0	0	0	0	0	0.0274126981709639	0	0	0.0440317028260347	0	0	0	0	0.0213063858282097	0
D_0__Bacteria;D_1__Actinobacteria;D_2__Actinobacteria;D_3__Propionibacteriales;D_4__Propionibacteriaceae	0	0	0	0	0	0	0	0	0	0	0	0	0	0	0.0720609429689108	0	0	0	0	0	0	0.0256792152431822	0.0209960527420845	0	0	0.0263901979264844	0	0	0	0	0	0	0	0
D_0__Bacteria;D_1__Spirochaetes;D_2__Leptospirae;D_3__Leptospirales;D_4__Leptospiraceae	0	0	0	0	0	0	0	0	0	0	0	0	0	0.00898903337927728	0.0180152357422277	0.0126781276941021	0	0	0.023995200959808	0	0	0.0256792152431822	0	0	0	0	0.0264189159438158	0	0	0.00876059484438993	0	0.0173223913561267	0	0
D_0__Bacteria;D_1__Actinobacteria;D_2__Acidimicrobiia;D_3__Microtrichales;D_4__Unclassified	0	0	0	0	0	0	0	0	0	0	0	0	0	0	0	0.0101425021552817	0	0	0	0.0705442488801101	0	0	0	0	0	0	0	0.0380273797133936	0	0	0	0	0	0
D_0__Bacteria;D_1__Proteobacteria;D_2__Gammaproteobacteria;D_3__Betaproteobacteriales;D_4__SC-I-84	0	0	0	0	0.077237117952113	0	0	0	0	0	0	0	0	0	0.0205888408482602	0	0	0.020078305391025	0	0	0	0	0	0	0	0	0	0	0	0	0	0	0	0
D_0__Bacteria;D_1__Bacteroidetes;D_2__Bacteroidia;D_3__Chitinophagales;D_4__Unclassified	0	0	0	0	0.022067747986318	0	0	0	0	0	0	0	0	0.0209744112183137	0	0	0	0	0	0.028217699552044	0	0	0	0	0	0	0	0.0100072051877352	0	0	0.0230846179495729	0	0.0121750776161198	0
D_0__Bacteria;D_1__Dependentiae;D_2__Babeliae;D_3__Babeliales;D_4__Babeliaceae	0	0	0	0.0269778107506576	0	0	0	0	0	0	0	0	0	0	0	0	0	0	0	0.0317449119960495	0	0.0462225874377279	0	0	0	0	0	0	0	0.00876059484438993	0	0	0	0
D_0__Bacteria;D_1__Chloroflexi;D_2__AD3;D_3__Unclassified;D_4__Unclassified	0	0	0	0	0	0	0	0	0	0	0	0	0	0	0.0488984970146181	0	0	0	0	0	0	0	0	0	0	0	0	0	0	0	0.0359094056993357	0	0.0273939246362696	0
D_0__Bacteria;D_1__Planctomycetes;D_2__Phycisphaerae;D_3__Phycisphaerales;D_4__Phycisphaeraceae	0	0	0	0	0	0	0	0	0	0	0	0	0.014194464158978	0.0119853778390364	0	0	0	0	0	0	0	0	0.00839842109683379	0	0	0.0301602262016965	0	0	0	0.0153310409776824	0	0.0303141848732217	0	0
D_0__Bacteria;D_1__Latescibacteria;D_2__Unclassified;D_3__Unclassified;D_4__Unclassified	0	0	0	0	0	0	0.0105958393670752	0	0	0	0	0	0	0	0	0.0126781276941021	0	0.0125489408693906	0	0	0	0	0	0	0	0	0	0	0	0	0.0487341934490984	0.0216529891951584	0	0
D_0__Bacteria;D_1__Proteobacteria;D_2__Gammaproteobacteria;D_3__Coxiellales;D_4__Coxiellaceae	0	0	0	0	0	0	0	0	0	0	0	0	0	0	0	0	0	0	0	0	0	0	0	0	0	0	0	0.100072051877352	0	0	0	0	0	0
D_0__Bacteria;D_1__Proteobacteria;D_2__Gammaproteobacteria;D_3__Oceanospirillales;D_4__Pseudohongiellaceae	0	0	0	0	0	0	0	0	0	0	0	0	0.0182500253472574	0	0	0	0	0.0276076699126594	0	0	0	0	0	0	0	0.0263901979264844	0	0	0	0	0	0.0173223913561267	0	0
D_0__Bacteria;D_1__Bacteroidetes;D_2__Bacteroidia;D_3__Sphingobacteriales;D_4__AKYH767	0	0	0	0	0	0	0	0	0	0	0	0	0	0	0	0.0202850043105634	0	0	0	0	0	0	0	0.0286204922724671	0	0	0	0	0	0	0	0.00866119567806336	0.0304376940402995	0
D_0__Bacteria;D_1__Proteobacteria;D_2__Alphaproteobacteria;D_3__Tistrellales;D_4__Geminicoccaceae	0	0	0	0	0	0	0	0	0	0	0	0	0.00811112237655886	0	0.0617665225447807	0	0	0	0	0	0	0	0	0	0	0	0	0.0140100872628292	0	0	0	0	0	0
D_0__Bacteria;D_1__Unclassified;D_2__Unclassified;D_3__Unclassified;D_4__Unclassified	0	0	0	0	0	0	0	0	0	0	0	0	0.00405556118827943	0	0	0	0	0	0	0	0	0	0	0	0	0	0	0	0	0	0	0	0.0730504656967188	0
D_0__Bacteria;D_1__Actinobacteria;D_2__Actinobacteria;D_3__Micrococcales;D_4__Demequinaceae	0	0	0	0	0	0	0	0	0	0	0	0	0	0	0.0720609429689109	0	0	0	0	0	0	0	0	0	0	0	0	0	0	0	0	0	0	0
D_0__Bacteria;D_1__Proteobacteria;D_2__Gammaproteobacteria;D_3__Betaproteobacteriales;D_4__TRA3-20	0	0	0.0169011704060506	0	0	0	0	0	0	0	0	0	0	0	0	0	0	0.0225880935649031	0	0	0	0	0	0.0286204922724671	0	0	0	0	0	0	0	0	0	0
D_0__Bacteria;D_1__Proteobacteria;D_2__Gammaproteobacteria;D_3__KI89A clade;D_4__Unclassified	0	0	0.0422529260151265	0	0	0	0	0	0	0	0	0	0	0	0	0.00507125107764085	0	0	0	0	0	0.0205433721945457	0	0	0	0	0	0	0	0	0	0	0	0
D_0__Bacteria;D_1__Rokubacteria;D_2__NC10;D_3__Rokubacteriales;D_4__Unclassified	0	0	0	0	0	0	0	0	0	0	0	0	0	0	0	0	0	0	0.02999400119976	0.021163274664033	0	0	0.0125976316452507	0	0	0	0	0	0	0	0	0	0	0
D_0__Bacteria;D_1__Bacteroidetes;D_2__Bacteroidia;D_3__Bacteroidales;D_4__Muribaculaceae	0	0	0	0	0	0	0	0	0	0	0	0	0	0	0	0	0.0272767567936172	0	0	0.00705442488801101	0	0	0	0	0	0	0	0	0	0	0	0	0.0243501552322396	0
D_0__Bacteria;D_1__Proteobacteria;D_2__Gammaproteobacteria;D_3__Betaproteobacteriales;D_4__A21b	0	0	0	0	0	0	0	0	0	0	0	0	0	0	0.0231624459542928	0	0	0	0	0	0	0	0	0	0	0	0	0.0120086462252822	0	0	0.0230846179495729	0	0	0
D_0__Bacteria;D_1__Planctomycetes;D_2__OM190;D_3__Unclassified;D_4__Unclassified	0	0	0.00845058520302531	0	0	0	0	0	0	0	0	0	0	0	0	0.0101425021552817	0.00681918919840431	0	0	0.014108849776022	0	0	0	0	0	0	0	0	0	0	0	0	0	0.016417665407979
D_0__Bacteria;D_1__Proteobacteria;D_2__Gammaproteobacteria;D_3__PLTA13;D_4__Unclassified	0	0	0	0	0	0	0	0	0	0	0	0	0	0	0	0	0	0	0.017996400719856	0	0	0.0154075291459093	0	0	0	0.0188501413760603	0	0	0	0	0	0	0	0
D_0__Bacteria;D_1__Chlamydiae;D_2__Chlamydiae;D_3__Chlamydiales;D_4__cvE6	0	0	0	0	0	0	0	0	0	0	0	0	0	0.0299634445975909	0	0	0	0	0	0.021163274664033	0	0	0	0	0	0	0	0	0	0	0	0	0	0
D_0__Bacteria;D_1__Actinobacteria;D_2__Acidimicrobiia;D_3__Unclassified;D_4__Unclassified	0	0	0	0	0	0	0	0	0	0	0	0	0	0	0	0	0	0	0	0	0	0	0	0	0	0	0	0	0	0	0.0487341934490984	0	0	0
D_0__Bacteria;D_1__Acidobacteria;D_2__Subgroup 5;D_3__Unclassified;D_4__Unclassified	0	0	0	0	0	0	0	0	0	0	0	0	0	0	0	0	0	0	0	0	0	0	0	0	0	0	0	0	0	0.0131408922665849	0.0333444481493831	0	0	0
D_0__Bacteria;D_1__Acidobacteria;D_2__Subgroup 11;D_3__Unclassified;D_4__Unclassified	0	0	0	0	0	0	0	0	0	0	0	0	0	0	0.00772081531809759	0	0	0	0.023995200959808	0	0	0	0	0	0	0	0	0	0	0	0	0	0	0.0123132490559842
D_0__Bacteria;D_1__Actinobacteria;D_2__Actinobacteria;D_3__Frankiales;D_4__Geodermatophilaceae	0	0	0	0	0	0	0	0	0	0	0	0	0	0	0	0.0431056341599473	0	0	0	0	0	0	0	0	0	0	0	0	0	0	0	0	0	0
D_0__Bacteria;D_1__Actinobacteria;D_2__Acidimicrobiia;D_3__Microtrichales;D_4__Microtrichaceae	0	0	0	0	0	0	0	0	0	0	0	0	0	0	0	0.035498757543486	0	0	0	0	0	0	0	0	0	0	0	0	0	0	0	0	0	0
D_0__Bacteria;D_1__Bacteroidetes;D_2__Bacteroidia;D_3__Cytophagales;D_4__Cyclobacteriaceae	0	0	0	0	0	0	0	0	0	0	0	0	0	0	0.0231624459542928	0	0	0	0	0	0	0	0	0	0	0	0	0	0	0.00876059484438993	0	0	0	0
D_0__Bacteria;D_1__Bacteroidetes;D_2__Bacteroidia;D_3__Flavobacteriales;D_4__NS9 marine group	0	0	0	0	0	0	0	0	0	0	0	0	0	0.0119853778390364	0	0	0	0	0.00899820035992801	0.0105816373320165	0	0	0	0	0	0	0	0	0	0	0	0	0	0
D_0__Bacteria;D_1__Acidobacteria;D_2__Blastocatellia (Subgroup 4);D_3__11-24;D_4__Unclassified	0	0	0	0	0	0	0	0	0	0	0	0	0	0	0	0	0	0.0150587290432687	0	0	0	0	0	0	0	0	0	0	0	0	0	0.0151570924366109	0	0
D_0__Bacteria;D_1__Planctomycetes;D_2__vadinHA49;D_3__Unclassified;D_4__Unclassified	0	0	0	0	0	0	0	0	0	0	0	0	0	0	0	0	0	0	0	0.0246904871080385	0	0	0	0	0	0	0	0	0	0	0.0051299150999051	0	0	0
D_0__Bacteria;D_1__Acidobacteria;D_2__Subgroup 22;D_3__Unclassified;D_4__Unclassified	0	0	0	0	0	0	0	0	0	0	0	0	0	0	0	0.0278918809270247	0	0	0	0	0	0	0	0	0	0	0	0	0	0	0	0	0	0
D_0__Bacteria;D_1__Chloroflexi;D_2__P2-11E;D_3__Unclassified;D_4__Unclassified	0	0	0	0	0.011033873993159	0	0	0	0	0	0	0	0	0	0.0128680255301627	0	0	0	0	0	0	0	0	0	0	0	0	0	0	0	0	0	0	0
D_0__Bacteria;D_1__Patescibacteria;D_2__Parcubacteria;D_3__Unclassified;D_4__Unclassified	0	0	0	0	0	0	0	0	0	0	0	0	0	0	0	0	0	0.0225880935649031	0	0	0	0	0	0	0	0	0	0	0	0	0	0	0	0
D_0__Bacteria;D_1__Proteobacteria;D_2__Deltaproteobacteria;D_3__Desulfuromonadales;D_4__Geobacteraceae	0	0	0	0	0	0	0	0	0	0	0	0	0	0	0	0	0	0	0	0	0	0	0	0	0	0	0	0	0	0	0	0	0	0.0205220817599737
D_0__Bacteria;D_1__Firmicutes;D_2__Bacilli;D_3__Bacillales;D_4__Alicyclobacillaceae	0	0	0	0	0	0	0	0	0	0	0	0	0	0	0	0	0	0	0	0	0	0	0	0	0	0	0	0	0	0	0.0179547028496678	0	0	0
D_0__Bacteria;D_1__Bacteroidetes;D_2__Ignavibacteria;D_3__SJA-28;D_4__Unclassified	0	0	0	0	0	0	0	0	0	0	0	0	0	0	0	0	0	0	0	0	0	0	0	0	0	0	0	0	0	0	0.0128247877497627	0	0	0
D_0__Bacteria;D_1__Proteobacteria;D_2__Gammaproteobacteria;D_3__Steroidobacterales;D_4__Woeseiaceae	0	0	0	0	0	0	0	0	0	0	0	0	0	0	0	0	0	0	0	0	0	0	0	0	0	0	0	0	0	0	0.0102598301998102	0	0	0
D_0__Bacteria;D_1__Chloroflexi;D_2__Chloroflexia;D_3__Chloroflexales;D_4__Herpetosiphonaceae	0	0	0	0	0	0	0	0	0	0	0.00926354793886058	0	0	0	0	0	0	0	0	0	0	0	0	0	0	0	0	0	0	0	0	0	0	0
